Client_ID,Predicted_Need,RiskPropensity,Age,Prob_Acc,Prob_Inc,Rec_Strict,Rec_AgeGated,Rec_Closest
4001.0,Both,0.6803624827746206,80.0,0.9999,0.9986,1.0,1.0,7.0
4002.0,None / Savings,0.184800115551102,65.0,0.1917,0.1087,,,
4003.0,Accumulation,0.4602124209940716,43.0,0.9588,0.2136,5.0,5.0,8.0
4004.0,None / Savings,0.3831829667039959,54.0,0.1776,0.1795,,,
4005.0,Accumulation,0.3048066259179859,48.0,0.8697,0.1797,9.0,9.0,9.0
4006.0,Accumulation,0.2894024969047655,57.0,0.9376,0.2047,9.0,9.0,9.0
4007.0,Income,0.273148054397278,72.0,0.2231,0.9482,10.0,10.0,2.0
4008.0,None / Savings,0.539783915978959,48.0,0.1389,0.2045,,,
4009.0,Income,0.0869245093750754,86.0,0.2813,0.6929,,,3.0
4010.0,None / Savings,0.4737621631877818,50.0,0.2246,0.1666,,,
4011.0,None / Savings,0.2257127624200475,40.0,0.334,0.17,,,
4012.0,Both,0.0862423734288195,76.0,0.9977,0.9982,,,9.0
4013.0,None / Savings,0.3595141146787557,60.0,0.2607,0.1941,,,
4014.0,Accumulation,0.1162951509976051,58.0,0.9649,0.2013,,,9.0
4015.0,Accumulation,0.1578459004739976,34.0,0.9468,0.2399,,,9.0
4016.0,None / Savings,0.3098980433000096,49.0,0.255,0.3446,,,
4017.0,Accumulation,0.1561210488876534,44.0,0.9596,0.2005,,,9.0
4018.0,None / Savings,0.2058594579137894,48.0,0.2257,0.1701,,,
4019.0,Income,0.456499976184151,48.0,0.2039,0.6646,4.0,4.0,4.0
4020.0,None / Savings,0.4332067967053563,59.0,0.1796,0.2672,,,
4021.0,None / Savings,0.2537972230497943,65.0,0.1084,0.0871,,,
4022.0,None / Savings,0.0919557203315856,48.0,0.1325,0.1248,,,
4023.0,None / Savings,0.0829478669364833,65.0,0.1323,0.1149,,,
4024.0,Both,0.681586794412326,64.0,0.564,0.6614,1.0,1.0,7.0
4025.0,None / Savings,0.2065547467715892,56.0,0.2109,0.2055,,,
4026.0,Accumulation,0.4958288763759213,52.0,0.9575,0.4687,8.0,8.0,8.0
4027.0,Income,0.5565979504039869,48.0,0.2727,0.8082,4.0,4.0,4.0
4028.0,Income,0.5469259160294765,36.0,0.2976,0.7473,4.0,4.0,4.0
4029.0,Accumulation,0.2009504798992739,52.0,0.9741,0.2444,,,9.0
4030.0,None / Savings,0.5153371868283263,59.0,0.0618,0.0538,,,
4031.0,None / Savings,0.227962631217415,53.0,0.3061,0.264,,,
4032.0,Accumulation,0.0990696227252275,59.0,0.6127,0.3957,,,9.0
4033.0,None / Savings,0.3940513074001839,56.0,0.2374,0.214,,,
4034.0,Accumulation,0.1760241273400776,63.0,0.9542,0.1261,,,9.0
4035.0,Both,0.7170362160171598,44.0,0.9945,0.7483,1.0,1.0,7.0
4036.0,None / Savings,0.4609037875138078,52.0,0.2163,0.3962,,,
4037.0,Accumulation,0.2716336001090419,58.0,0.951,0.1894,9.0,9.0,9.0
4038.0,None / Savings,0.5187791413863843,52.0,0.2641,0.3615,,,
4039.0,Accumulation,0.3673083298445431,57.0,0.9429,0.1492,6.0,6.0,6.0
4040.0,None / Savings,0.2670583745415072,36.0,0.3103,0.1798,,,
4041.0,Accumulation,0.4357018758252289,68.0,0.5838,0.1406,5.0,5.0,5.0
4042.0,None / Savings,0.4858617949642739,61.0,0.4408,0.1356,,,
4043.0,None / Savings,0.3755009521224635,55.0,0.2659,0.1562,,,
4044.0,None / Savings,0.5411035594176297,51.0,0.2361,0.1556,,,
4045.0,None / Savings,0.4879170978401977,51.0,0.2054,0.4421,,,
4046.0,Accumulation,0.5398684988478286,30.0,0.9565,0.1164,8.0,8.0,1.0
4047.0,Income,0.3340385087626942,67.0,0.255,0.7483,2.0,2.0,2.0
4048.0,Both,0.3127705382561353,62.0,0.5635,0.7787,9.0,9.0,9.0
4049.0,Accumulation,0.4702799158907126,45.0,0.9536,0.1677,5.0,5.0,8.0
4050.0,Accumulation,0.3708630698995497,43.0,0.9625,0.1889,6.0,6.0,6.0
4051.0,Accumulation,0.2486592902454738,51.0,0.9603,0.1964,,,9.0
4052.0,Both,0.2158043504100077,72.0,0.9977,0.9978,,,9.0
4053.0,Both,0.2760202772986513,64.0,0.9985,0.6139,9.0,9.0,9.0
4054.0,None / Savings,0.4794784696270955,60.0,0.2203,0.1894,,,
4055.0,Both,0.3097854748944122,67.0,0.5381,0.9881,9.0,9.0,9.0
4056.0,Both,0.6453432743436256,87.0,0.999,0.997,1.0,1.0,1.0
4057.0,None / Savings,0.2373710290379066,38.0,0.2385,0.2628,,,
4058.0,None / Savings,0.2517952332105966,59.0,0.1785,0.2095,,,
4059.0,None / Savings,0.3980550276335144,54.0,0.367,0.1997,,,
4060.0,None / Savings,0.4797141966518091,40.0,0.1592,0.214,,,
4061.0,Accumulation,0.2892411162472776,60.0,0.9408,0.1742,9.0,9.0,9.0
4062.0,None / Savings,0.1028831609939714,55.0,0.1626,0.232,,,
4063.0,None / Savings,0.2098755948764001,68.0,0.3791,0.3162,,,
4064.0,Accumulation,0.4047730547209837,48.0,0.9503,0.1942,6.0,6.0,5.0
4065.0,Accumulation,0.1810761923415463,47.0,0.9558,0.2079,,,9.0
4066.0,None / Savings,0.4346083153306189,60.0,0.2568,0.1516,,,
4067.0,None / Savings,0.4954555907772444,44.0,0.3936,0.1616,,,
4068.0,Accumulation,0.4992000393597003,56.0,0.9516,0.2011,8.0,8.0,8.0
4069.0,Accumulation,0.354555734356382,51.0,0.9694,0.1664,9.0,9.0,6.0
4070.0,Income,0.1814907089988037,70.0,0.1832,0.9692,10.0,10.0,10.0
4071.0,Income,0.3642404559107887,62.0,0.3181,0.7805,2.0,2.0,2.0
4072.0,Accumulation,0.2295589708395632,51.0,0.9737,0.2049,,,9.0
4073.0,None / Savings,0.348247672615703,46.0,0.3688,0.1813,,,
4074.0,Accumulation,0.5308597791249507,51.0,0.9634,0.2567,8.0,8.0,1.0
4075.0,Both,0.1998468859531457,85.0,0.9929,0.9935,,,9.0
4076.0,None / Savings,0.4536998519039462,54.0,0.1773,0.381,,,
4077.0,None / Savings,0.2038352402106311,53.0,0.215,0.175,,,
4078.0,Accumulation,0.2300220216265452,54.0,0.9593,0.2394,,,9.0
4079.0,Both,0.3586806405844598,71.0,0.5973,0.8333,9.0,9.0,6.0
4080.0,None / Savings,0.238390808092437,36.0,0.0981,0.0591,,,
4081.0,None / Savings,0.1006233236337407,83.0,0.0636,0.3407,,,
4082.0,None / Savings,0.5860372036659408,46.0,0.1852,0.1593,,,
4083.0,None / Savings,0.2263355586507711,53.0,0.1251,0.1863,,,
4084.0,None / Savings,0.120439323626414,67.0,0.2089,0.15,,,
4085.0,Income,0.5246668689502627,45.0,0.1852,0.6846,4.0,4.0,4.0
4086.0,Income,0.6062609824745856,60.0,0.2651,0.8241,4.0,4.0,4.0
4087.0,Income,0.2118660933349973,53.0,0.2064,0.8063,10.0,10.0,10.0
4088.0,None / Savings,0.6062485440848985,40.0,0.1325,0.1975,,,
4089.0,Accumulation,0.375959919400787,58.0,0.9535,0.0949,6.0,6.0,6.0
4090.0,Accumulation,0.2221806583333793,63.0,0.5091,0.1477,,,9.0
4091.0,Income,0.3533668695140341,63.0,0.3602,0.8056,2.0,2.0,2.0
4092.0,None / Savings,0.1985160693126172,50.0,0.2026,0.2179,,,
4093.0,None / Savings,0.3596567617330308,55.0,0.2198,0.1991,,,
4094.0,Accumulation,0.3037267167079904,64.0,0.5328,0.221,9.0,9.0,9.0
4095.0,None / Savings,0.2875158401323112,65.0,0.3177,0.0979,,,
4096.0,None / Savings,0.417205011274792,51.0,0.2195,0.1725,,,
4097.0,None / Savings,0.2248324603040138,38.0,0.1492,0.3241,,,
4098.0,None / Savings,0.2234283609082045,62.0,0.2661,0.177,,,
4099.0,None / Savings,0.2385642715326888,58.0,0.1785,0.1819,,,
4100.0,Income,0.3099956420741453,69.0,0.3025,0.9725,2.0,2.0,2.0
4101.0,Accumulation,0.630675316215204,38.0,0.9562,0.1431,1.0,1.0,1.0
4102.0,Accumulation,0.5074178395038635,51.0,0.9698,0.2124,8.0,8.0,8.0
4103.0,Both,0.3224417226747634,72.0,0.9984,0.9989,9.0,9.0,6.0
4104.0,None / Savings,0.2100338149276245,54.0,0.218,0.1974,,,
4105.0,Both,0.6724071586719318,95.0,0.9998,0.9562,1.0,1.0,7.0
4106.0,None / Savings,0.4825006981942435,51.0,0.1813,0.3062,,,
4107.0,None / Savings,0.5471046537769819,38.0,0.2681,0.1565,,,
4108.0,Accumulation,0.536535944379868,65.0,0.557,0.1329,8.0,8.0,1.0
4109.0,None / Savings,0.1956724129751585,38.0,0.2529,0.1843,,,
4110.0,Income,0.3796355072092705,67.0,0.4768,0.9809,2.0,2.0,4.0
4111.0,Accumulation,0.5922840282695093,60.0,0.9364,0.1841,1.0,1.0,1.0
4112.0,None / Savings,0.24268726230703,50.0,0.1862,0.2328,,,
4113.0,Accumulation,0.2585855152882969,46.0,0.9602,0.2729,,,9.0
4114.0,Both,0.369736145319415,69.0,0.5403,0.9589,6.0,6.0,6.0
4115.0,Accumulation,0.2947115572626479,57.0,0.9458,0.2231,9.0,9.0,9.0
4116.0,Accumulation,0.239410484544245,49.0,0.9571,0.2376,,,9.0
4117.0,None / Savings,0.3255737127866538,49.0,0.2227,0.1694,,,
4118.0,Accumulation,0.4261147027895983,53.0,0.9782,0.1706,5.0,5.0,5.0
4119.0,Both,0.5388658080680699,74.0,0.745,0.9957,8.0,8.0,1.0
4120.0,Income,0.2384014397227821,73.0,0.3377,0.7984,10.0,10.0,2.0
4121.0,Accumulation,0.5075093619000757,56.0,0.9485,0.1863,8.0,8.0,8.0
4122.0,Accumulation,0.4309234529167414,62.0,0.9739,0.216,5.0,5.0,5.0
4123.0,None / Savings,0.2830833857454407,63.0,0.453,0.3268,,,
4124.0,None / Savings,0.7152777608474724,29.0,0.0445,0.4462,,,
4125.0,None / Savings,0.2936754681309392,58.0,0.2264,0.1468,,,
4126.0,None / Savings,0.4666467145281661,51.0,0.1992,0.184,,,
4127.0,Accumulation,0.4150751692125179,52.0,0.9724,0.2311,5.0,5.0,5.0
4128.0,None / Savings,0.4721216957679366,53.0,0.1719,0.1767,,,
4129.0,Accumulation,0.2806071057190367,33.0,0.915,0.2285,9.0,9.0,9.0
4130.0,Accumulation,0.2384812414988922,42.0,0.9727,0.2724,,,9.0
4131.0,Accumulation,0.2794633862072243,60.0,0.8969,0.1935,9.0,9.0,9.0
4132.0,Accumulation,0.2064293071147125,57.0,0.9345,0.2286,,,9.0
4133.0,None / Savings,0.2626452590269737,48.0,0.314,0.3113,,,
4134.0,Accumulation,0.3018027362312909,53.0,0.9724,0.1933,9.0,9.0,9.0
4135.0,Accumulation,0.5756212217231904,45.0,0.9643,0.2461,1.0,1.0,1.0
4136.0,Accumulation,0.463995137364369,47.0,0.9754,0.1967,5.0,5.0,8.0
4137.0,Accumulation,0.2537850513168591,49.0,0.9581,0.2168,,,9.0
4138.0,Accumulation,0.1375558682759314,52.0,0.9747,0.3402,,,9.0
4139.0,Both,0.4366335151220287,68.0,0.9997,0.997,5.0,5.0,5.0
4140.0,None / Savings,0.3999953012029242,55.0,0.2257,0.1762,,,
4141.0,Accumulation,0.360019008435535,54.0,0.9803,0.2607,6.0,6.0,6.0
4142.0,Accumulation,0.1609922169851949,42.0,0.9472,0.177,,,9.0
4143.0,None / Savings,0.0988142885126368,72.0,0.1694,0.3292,,,
4144.0,None / Savings,0.5188362818042479,58.0,0.2191,0.1906,,,
4145.0,None / Savings,0.2482513302762334,60.0,0.1645,0.2029,,,
4146.0,Both,0.5628223240692545,58.0,0.9966,0.8111,1.0,1.0,1.0
4147.0,Accumulation,0.2116370961521082,62.0,0.9318,0.1561,,,9.0
4148.0,Income,0.3266004472263686,73.0,0.3503,0.6464,2.0,2.0,2.0
4149.0,Income,0.4133811719061434,50.0,0.2446,0.8157,2.0,2.0,4.0
4150.0,Both,0.6595506969562571,66.0,0.6965,0.9651,1.0,1.0,7.0
4151.0,Both,0.1365422796364243,78.0,0.6373,0.5307,,,9.0
4152.0,None / Savings,0.0904894849884639,55.0,0.2045,0.3442,,,
4153.0,Both,0.5634007167549421,78.0,0.5997,0.937,1.0,1.0,1.0
4154.0,None / Savings,0.122071377813703,40.0,0.31,0.2969,,,
4155.0,Accumulation,0.173248544503476,46.0,0.9208,0.2469,,,9.0
4156.0,Both,0.7618377177811291,58.0,0.9967,0.8805,7.0,7.0,7.0
4157.0,Accumulation,0.3626562645657824,55.0,0.9691,0.1735,6.0,6.0,6.0
4158.0,None / Savings,0.2444803465938335,49.0,0.3484,0.2466,,,
4159.0,Accumulation,0.3506380879646155,50.0,0.9689,0.188,9.0,9.0,6.0
4160.0,Accumulation,0.3263307749833032,62.0,0.954,0.2103,9.0,9.0,6.0
4161.0,Income,0.2575732441831634,54.0,0.1967,0.7978,10.0,10.0,2.0
4162.0,Accumulation,0.1887860373401723,45.0,0.9712,0.3206,,,9.0
4163.0,Both,0.2321138824093276,68.0,0.5003,0.6161,,,9.0
4164.0,Both,0.4251815495728319,67.0,0.5093,0.7232,5.0,5.0,5.0
4165.0,Both,0.237245399769472,83.0,0.9877,0.9494,,,9.0
4166.0,None / Savings,0.2846111566138327,55.0,0.2272,0.2114,,,
4167.0,None / Savings,0.1361103011151178,78.0,0.1869,0.2385,,,
4168.0,Both,0.5066260059092613,61.0,0.5189,0.7347,8.0,8.0,8.0
4169.0,Accumulation,0.4740494428739515,40.0,0.9776,0.2018,5.0,5.0,8.0
4170.0,None / Savings,0.3485566313305686,44.0,0.2616,0.2353,,,
4171.0,Both,0.5605393776893021,61.0,0.5167,0.8371,1.0,1.0,1.0
4172.0,None / Savings,0.2245637009750119,53.0,0.2172,0.1613,,,
4173.0,Accumulation,0.5278747499152814,54.0,0.9568,0.2266,8.0,8.0,1.0
4174.0,None / Savings,0.2226056672831582,62.0,0.2044,0.178,,,
4175.0,Income,0.2611756202566174,72.0,0.1995,0.7788,10.0,10.0,2.0
4176.0,Income,0.4095549823984037,59.0,0.2486,0.7355,2.0,2.0,4.0
4177.0,Income,0.3851884285066717,56.0,0.2985,0.7348,2.0,2.0,4.0
4178.0,Both,0.197963965101166,80.0,0.5513,0.9878,,,9.0
4179.0,None / Savings,0.2043141971878851,55.0,0.1796,0.1565,,,
4180.0,Accumulation,0.3300238109380999,50.0,0.9718,0.2316,9.0,9.0,6.0
4181.0,Accumulation,0.1839894219740772,48.0,0.9616,0.2858,,,9.0
4182.0,Accumulation,0.2139384763735544,43.0,0.9802,0.207,,,9.0
4183.0,None / Savings,0.3665138735208797,56.0,0.1952,0.168,,,
4184.0,None / Savings,0.3234679243479045,45.0,0.3209,0.2478,,,
4185.0,None / Savings,0.4756150607970374,41.0,0.1825,0.1819,,,
4186.0,None / Savings,0.2439967494391601,38.0,0.1594,0.1838,,,
4187.0,Both,0.3447761048733909,60.0,0.9955,0.8005,9.0,9.0,6.0
4188.0,Both,0.5650303508766261,68.0,0.9995,0.9926,1.0,1.0,1.0
4189.0,Both,0.414178847210711,66.0,0.6509,0.9828,5.0,5.0,5.0
4190.0,Both,0.2860834295057543,77.0,0.6181,0.9797,9.0,9.0,9.0
4191.0,None / Savings,0.2682798903688498,39.0,0.3044,0.3027,,,
4192.0,Both,0.4419254000578127,64.0,0.5362,0.771,5.0,5.0,5.0
4193.0,Both,0.3488414458128822,57.0,0.9973,0.91,9.0,9.0,6.0
4194.0,Accumulation,0.340404051705952,50.0,0.9547,0.2125,9.0,9.0,6.0
4195.0,None / Savings,0.2799422251411922,51.0,0.1743,0.2292,,,
4196.0,None / Savings,0.1556797613968551,71.0,0.3446,0.4243,,,
4197.0,Accumulation,0.1298591896232325,63.0,0.9586,0.3397,,,9.0
4198.0,Accumulation,0.5431146519670882,37.0,0.9575,0.2346,8.0,8.0,1.0
4199.0,Both,0.5004666084713018,66.0,0.6161,0.9457,8.0,8.0,8.0
4200.0,Income,0.3872884762239061,67.0,0.3207,0.9097,2.0,2.0,4.0
4201.0,None / Savings,0.4320434483030724,52.0,0.303,0.1678,,,
4202.0,None / Savings,0.3750508304008593,37.0,0.164,0.2188,,,
4203.0,None / Savings,0.4591853585759733,41.0,0.2953,0.3036,,,
4204.0,None / Savings,0.2909968516399016,39.0,0.2048,0.4348,,,
4205.0,Accumulation,0.4886219994513956,54.0,0.9788,0.2739,8.0,8.0,8.0
4206.0,Accumulation,0.2259796000820909,51.0,0.944,0.2247,,,9.0
4207.0,None / Savings,0.4478066840298231,52.0,0.2675,0.1707,,,
4208.0,Income,0.4214011169714349,57.0,0.2345,0.8669,2.0,2.0,4.0
4209.0,Accumulation,0.3316525892848664,52.0,0.9733,0.2504,9.0,9.0,6.0
4210.0,Accumulation,0.639344474955743,31.0,0.9727,0.1607,1.0,1.0,1.0
4211.0,None / Savings,0.5431223563991805,47.0,0.3063,0.4999,,,
4212.0,Accumulation,0.2093889620868855,49.0,0.9671,0.3092,,,9.0
4213.0,Accumulation,0.6427403953249776,36.0,0.951,0.1904,1.0,1.0,1.0
4214.0,Both,0.4117563036379217,66.0,0.9993,0.9879,5.0,5.0,5.0
4215.0,Accumulation,0.4225998496584504,32.0,0.9799,0.2312,5.0,5.0,5.0
4216.0,Accumulation,0.3708384495467475,58.0,0.9576,0.2188,6.0,6.0,6.0
4217.0,Income,0.4097921207071002,52.0,0.2684,0.8773,2.0,2.0,4.0
4218.0,Accumulation,0.1740876532453957,51.0,0.9516,0.287,,,9.0
4219.0,Income,0.1273938178976609,73.0,0.4825,0.9522,3.0,3.0,10.0
4220.0,None / Savings,0.3850179548300538,53.0,0.2189,0.1395,,,
4221.0,None / Savings,0.3893950810606218,54.0,0.2514,0.1426,,,
4222.0,Accumulation,0.5351064878871296,48.0,0.9591,0.2607,8.0,8.0,1.0
4223.0,Income,0.2685487748572439,66.0,0.1923,0.7489,10.0,10.0,2.0
4224.0,Income,0.4105880496455587,69.0,0.4381,0.9958,2.0,2.0,4.0
4225.0,None / Savings,0.2091941395121796,65.0,0.3453,0.1102,,,
4226.0,None / Savings,0.3121348866510688,60.0,0.1868,0.2036,,,
4227.0,Both,0.4555554815054373,66.0,0.6294,0.9623,5.0,5.0,8.0
4228.0,None / Savings,0.2493019940222384,63.0,0.162,0.1818,,,
4229.0,Accumulation,0.2908344108411979,59.0,0.9521,0.2167,9.0,9.0,9.0
4230.0,Accumulation,0.3832568112795145,62.0,0.9773,0.2177,6.0,6.0,6.0
4231.0,None / Savings,0.2506154837319437,50.0,0.1867,0.1831,,,
4232.0,Accumulation,0.1892878515121786,55.0,0.9327,0.297,,,9.0
4233.0,Accumulation,0.5923271892892199,65.0,0.9993,0.3123,1.0,1.0,1.0
4234.0,None / Savings,0.5162393596004703,46.0,0.13,0.3285,,,
4235.0,None / Savings,0.3506812153091507,55.0,0.2853,0.29,,,
4236.0,None / Savings,0.1076371713595291,53.0,0.1812,0.4192,,,
4237.0,Income,0.2416984529659886,67.0,0.4525,0.961,10.0,10.0,2.0
4238.0,Income,0.5317197626862378,59.0,0.2077,0.6356,4.0,4.0,4.0
4239.0,None / Savings,0.3114613891126456,65.0,0.4513,0.1082,,,
4240.0,None / Savings,0.0347642198408164,76.0,0.0776,0.2571,,,
4241.0,None / Savings,0.3184118361688571,63.0,0.4448,0.1831,,,
4242.0,Accumulation,0.1135747364160517,53.0,0.5372,0.2899,,,9.0
4243.0,None / Savings,0.4071775922183485,56.0,0.2089,0.1854,,,
4244.0,None / Savings,0.2736868956184943,38.0,0.2377,0.3118,,,
4245.0,None / Savings,0.3287987277551141,59.0,0.2039,0.1551,,,
4246.0,Both,0.2596751396694959,74.0,0.6346,0.9958,,,9.0
4247.0,None / Savings,0.3140716260012136,56.0,0.2293,0.1461,,,
4248.0,Accumulation,0.0898900336213974,54.0,0.967,0.3403,,,9.0
4249.0,Both,0.301705699712809,63.0,0.6881,0.7233,9.0,9.0,9.0
4250.0,None / Savings,0.268839534365643,36.0,0.1367,0.2997,,,
4251.0,Both,0.3980969674710509,68.0,0.9981,0.9875,6.0,6.0,5.0
4252.0,Accumulation,0.3839520677897432,49.0,0.9606,0.2399,6.0,6.0,6.0
4253.0,None / Savings,0.3518122367024937,59.0,0.2333,0.1806,,,
4254.0,Both,0.2814986447280148,61.0,0.6202,0.5005,9.0,9.0,9.0
4255.0,Income,0.6413281817435382,54.0,0.2528,0.872,4.0,4.0,4.0
4256.0,Accumulation,0.3973065848166796,46.0,0.955,0.2099,6.0,6.0,5.0
4257.0,Accumulation,0.2377806326716247,59.0,0.9627,0.1848,,,9.0
4258.0,Both,0.2477448989999192,82.0,0.9991,0.9903,,,9.0
4259.0,Both,0.0821282983644744,80.0,0.7567,0.9891,,,9.0
4260.0,Both,0.2389637465461168,73.0,0.9988,0.9944,,,9.0
4261.0,None / Savings,0.7369227119595789,26.0,0.2055,0.4482,,,
4262.0,Accumulation,0.33097516209774,55.0,0.9735,0.1114,9.0,9.0,6.0
4263.0,Accumulation,0.2291644376098152,41.0,0.9681,0.2169,,,9.0
4264.0,None / Savings,0.3067594294379066,56.0,0.1783,0.1423,,,
4265.0,None / Savings,0.2367961679795085,58.0,0.1908,0.1324,,,
4266.0,Accumulation,0.6341866882334666,48.0,0.9564,0.2408,1.0,1.0,1.0
4267.0,Both,0.369608107621219,64.0,0.5607,0.5611,6.0,6.0,6.0
4268.0,Accumulation,0.2418012181800195,49.0,0.9656,0.2658,,,9.0
4269.0,Accumulation,0.4153823849877366,61.0,0.9572,0.2144,5.0,5.0,5.0
4270.0,None / Savings,0.3450727535751948,49.0,0.2544,0.4044,,,
4271.0,None / Savings,0.2674994707447531,49.0,0.2034,0.1351,,,
4272.0,Accumulation,0.5029102251205195,43.0,0.9713,0.3047,8.0,8.0,8.0
4273.0,None / Savings,0.2409720268051292,29.0,0.034,0.3429,,,
4274.0,Income,0.2898888579873629,77.0,0.2138,0.6938,10.0,10.0,2.0
4275.0,Accumulation,0.4309766754722001,35.0,0.9752,0.1433,5.0,5.0,5.0
4276.0,Accumulation,0.3761662480631533,42.0,0.9632,0.2004,6.0,6.0,6.0
4277.0,None / Savings,0.4573063767899534,34.0,0.1738,0.155,,,
4278.0,Accumulation,0.5488605267281541,32.0,0.9728,0.2253,8.0,8.0,1.0
4279.0,None / Savings,0.2410594645023132,32.0,0.2383,0.0974,,,
4280.0,None / Savings,0.2828608995430771,61.0,0.4065,0.2303,,,
4281.0,Accumulation,0.28649263605819,56.0,0.9508,0.3321,9.0,9.0,9.0
4282.0,Accumulation,0.3302521884310952,46.0,0.9811,0.2592,9.0,9.0,6.0
4283.0,None / Savings,0.3984281517104109,37.0,0.219,0.2018,,,
4284.0,None / Savings,0.8264227909069161,27.0,0.247,0.0724,,,
4285.0,Accumulation,0.3829912547610928,52.0,0.9601,0.1362,6.0,6.0,6.0
4286.0,None / Savings,0.4603895756659378,37.0,0.2185,0.1553,,,
4287.0,Income,0.3702916847097955,59.0,0.2823,0.6632,2.0,2.0,4.0
4288.0,None / Savings,0.4398587534790226,53.0,0.1432,0.0089,,,
4289.0,Accumulation,0.8827092976332149,37.0,0.9962,0.4977,11.0,11.0,11.0
4290.0,Accumulation,0.3136515092998396,61.0,0.9454,0.2103,9.0,9.0,9.0
4291.0,None / Savings,0.2999918041234048,59.0,0.196,0.2111,,,
4292.0,Income,0.4166462318385862,45.0,0.1818,0.7633,2.0,2.0,4.0
4293.0,Income,0.4772855827309293,56.0,0.2537,0.8715,4.0,4.0,4.0
4294.0,None / Savings,0.2773735590638498,53.0,0.207,0.1953,,,
4295.0,Income,0.4552866708425801,50.0,0.2117,0.7258,4.0,4.0,4.0
4296.0,Both,0.3975725828365977,70.0,0.5986,0.9541,6.0,6.0,5.0
4297.0,None / Savings,0.1197949714695439,69.0,0.3041,0.4151,,,
4298.0,None / Savings,0.2144757111028043,56.0,0.1677,0.1895,,,
4299.0,Accumulation,0.3867497592173239,43.0,0.9592,0.2141,6.0,6.0,5.0
4300.0,None / Savings,0.5086160223749904,41.0,0.1972,0.1743,,,
4301.0,Accumulation,0.3340032531782364,57.0,0.9528,0.2148,9.0,9.0,6.0
4302.0,Income,0.626989756474863,52.0,0.1391,0.5575,4.0,4.0,4.0
4303.0,None / Savings,0.571077829042607,30.0,0.089,0.0049,,,
4304.0,Income,0.5707501661104243,57.0,0.2102,0.8149,4.0,4.0,4.0
4305.0,None / Savings,0.3930170133295157,39.0,0.1957,0.1382,,,
4306.0,None / Savings,0.2090859639110188,58.0,0.186,0.1764,,,
4307.0,Accumulation,0.5122338890229207,40.0,0.9838,0.2006,8.0,8.0,8.0
4308.0,Accumulation,0.4564223711607944,35.0,0.9598,0.2312,5.0,5.0,8.0
4309.0,None / Savings,0.3239978700179729,53.0,0.2381,0.1374,,,
4310.0,Accumulation,0.5409550599207322,44.0,0.9625,0.2002,8.0,8.0,1.0
4311.0,Both,0.4204780903645324,70.0,0.645,0.9695,5.0,5.0,5.0
4312.0,Both,0.3621871685506711,66.0,0.5219,0.972,6.0,6.0,6.0
4313.0,Accumulation,0.3743937735518469,49.0,0.9646,0.2218,6.0,6.0,6.0
4314.0,Accumulation,0.7963776997582964,31.0,0.9964,0.1354,7.0,7.0,7.0
4315.0,None / Savings,0.3619940311387517,53.0,0.2171,0.2276,,,
4316.0,None / Savings,0.2440465646064341,52.0,0.186,0.2166,,,
4317.0,Income,0.136632939245876,70.0,0.2441,0.967,10.0,10.0,10.0
4318.0,None / Savings,0.2183525910978978,51.0,0.1619,0.3314,,,
4319.0,Both,0.4879136874642187,67.0,0.5894,0.9045,8.0,8.0,8.0
4320.0,None / Savings,0.2944687236527187,67.0,0.3392,0.3023,,,
4321.0,Income,0.3591818847269891,73.0,0.4722,0.8622,2.0,2.0,2.0
4322.0,None / Savings,0.1147831668239779,49.0,0.2707,0.3253,,,
4323.0,Accumulation,0.1661401269499046,50.0,0.959,0.2656,,,9.0
4324.0,Income,0.7067434497290573,87.0,0.2679,0.7726,4.0,2.0,4.0
4325.0,None / Savings,0.7401219261382919,38.0,0.2982,0.0787,,,
4326.0,Accumulation,0.5092672636185306,37.0,0.9454,0.1771,8.0,8.0,8.0
4327.0,None / Savings,0.1557817698068893,57.0,0.4809,0.2563,,,
4328.0,Income,0.2635331896903198,63.0,0.2529,0.6412,10.0,10.0,2.0
4329.0,Income,0.5628105751218623,48.0,0.1654,0.7579,4.0,4.0,4.0
4330.0,None / Savings,0.0877381756610717,47.0,0.15,0.429,,,
4331.0,None / Savings,0.1516148190190299,40.0,0.2389,0.3387,,,
4332.0,Both,0.3881109198583612,68.0,0.6037,0.9721,6.0,6.0,5.0
4333.0,Accumulation,0.1780771542113095,57.0,0.946,0.1818,,,9.0
4334.0,None / Savings,0.3900652101481512,49.0,0.1958,0.2081,,,
4335.0,None / Savings,0.4516692876618939,62.0,0.2198,0.2152,,,
4336.0,Both,0.6101996531174687,66.0,0.9993,0.985,1.0,1.0,1.0
4337.0,None / Savings,0.3085839206130394,47.0,0.2835,0.1817,,,
4338.0,Income,0.4810884269092194,57.0,0.2664,0.8403,4.0,4.0,4.0
4339.0,None / Savings,0.3248621739461229,51.0,0.2848,0.1537,,,
4340.0,None / Savings,0.1550211679520788,68.0,0.3482,0.4625,,,
4341.0,Both,0.3952243899878796,59.0,0.9961,0.8879,6.0,6.0,5.0
4342.0,None / Savings,0.3811150854439474,41.0,0.225,0.162,,,
4343.0,Accumulation,0.2401790721452109,54.0,0.9489,0.2339,,,9.0
4344.0,None / Savings,0.300035468107624,63.0,0.2514,0.1672,,,
4345.0,Income,0.2529718640280657,74.0,0.445,0.9243,10.0,10.0,2.0
4346.0,None / Savings,0.1022726682927401,56.0,0.2166,0.3271,,,
4347.0,None / Savings,0.1589612210922784,62.0,0.174,0.2164,,,
4348.0,Income,0.2621018812141448,71.0,0.3371,0.9862,10.0,10.0,2.0
4349.0,None / Savings,0.2463100579605097,59.0,0.15,0.1495,,,
4350.0,None / Savings,0.3213930014904101,39.0,0.0802,0.0135,,,
4351.0,Accumulation,0.2636124099465899,53.0,0.9536,0.2034,,,9.0
4352.0,None / Savings,0.5198390075386637,46.0,0.1433,0.2047,,,
4353.0,None / Savings,0.3118734373033273,62.0,0.4325,0.1853,,,
4354.0,Both,0.4557410085425658,69.0,0.5875,0.982,5.0,5.0,8.0
4355.0,None / Savings,0.4066717247615312,55.0,0.2159,0.1406,,,
4356.0,None / Savings,0.2126947798123157,70.0,0.3756,0.4023,,,
4357.0,None / Savings,0.5831120767420758,45.0,0.1977,0.3416,,,
4358.0,Accumulation,0.147288129929215,57.0,0.9581,0.1755,,,9.0
4359.0,Accumulation,0.2562622185931124,50.0,0.9514,0.2507,,,9.0
4360.0,Both,0.631027795473799,70.0,0.7304,0.7214,1.0,1.0,1.0
4361.0,None / Savings,0.3601447331616458,59.0,0.2161,0.2347,,,
4362.0,Both,0.4778080658020722,64.0,0.588,0.7838,5.0,5.0,8.0
4363.0,None / Savings,0.2682687408967509,51.0,0.2342,0.1794,,,
4364.0,Accumulation,0.4540792716360572,49.0,0.9634,0.1208,5.0,5.0,8.0
4365.0,None / Savings,0.2175429805263079,59.0,0.1561,0.2257,,,
4366.0,Accumulation,0.2610163871901736,50.0,0.9574,0.1744,,,9.0
4367.0,Accumulation,0.3812446559705081,39.0,0.9815,0.1874,6.0,6.0,6.0
4368.0,Accumulation,0.3595056555751806,52.0,0.9716,0.2,9.0,9.0,6.0
4369.0,Both,0.1654976825965785,75.0,0.9986,0.9966,,,9.0
4370.0,Accumulation,0.1777325085109151,50.0,0.9694,0.2101,,,9.0
4371.0,None / Savings,0.1698659308734731,58.0,0.1938,0.348,,,
4372.0,Accumulation,0.1620662246079591,49.0,0.9703,0.2735,,,9.0
4373.0,Accumulation,0.1195889252149697,26.0,0.8439,0.0692,,,9.0
4374.0,None / Savings,0.2650853390875849,55.0,0.1762,0.3003,,,
4375.0,None / Savings,0.0535632539963343,85.0,0.0113,0.2371,,,
4376.0,None / Savings,0.3668921804318636,52.0,0.2267,0.1705,,,
4377.0,None / Savings,0.3643513264516866,42.0,0.2652,0.1587,,,
4378.0,None / Savings,0.5201126654892314,42.0,0.2239,0.1577,,,
4379.0,None / Savings,0.2497006361287433,59.0,0.1968,0.1771,,,
4380.0,Accumulation,0.3868408647739617,50.0,0.9656,0.2143,6.0,6.0,5.0
4381.0,Income,0.091608292573577,74.0,0.492,0.9801,,,3.0
4382.0,None / Savings,0.4634551597410974,51.0,0.2344,0.4527,,,
4383.0,None / Savings,0.6520183639143847,29.0,0.3838,0.2067,,,
4384.0,Accumulation,0.5533996732536182,51.0,0.9439,0.1788,1.0,1.0,1.0
4385.0,Accumulation,0.605504340069243,68.0,0.7248,0.2435,1.0,1.0,1.0
4386.0,None / Savings,0.2062254418929386,68.0,0.2775,0.2671,,,
4387.0,None / Savings,0.3252651503389478,71.0,0.4908,0.3688,,,
4388.0,Income,0.1365319604647308,69.0,0.0754,0.7809,10.0,10.0,10.0
4389.0,Both,0.44789476515421,70.0,0.6176,0.971,5.0,5.0,8.0
4390.0,Income,0.2288181646586623,73.0,0.4743,0.9876,10.0,10.0,2.0
4391.0,Both,0.5236900041249414,69.0,0.6138,0.9746,8.0,8.0,1.0
4392.0,Accumulation,0.1756541191238545,59.0,0.9412,0.2252,,,9.0
4393.0,Accumulation,0.3742731207633281,52.0,0.9724,0.2454,6.0,6.0,6.0
4394.0,Accumulation,0.4624931584730012,51.0,0.9764,0.2817,5.0,5.0,8.0
4395.0,Accumulation,0.206065576952286,64.0,0.9294,0.2313,,,9.0
4396.0,Income,0.1272549111730024,73.0,0.2091,0.9702,3.0,3.0,10.0
4397.0,None / Savings,0.5442045721493421,53.0,0.202,0.1516,,,
4398.0,Income,0.2251778899548764,83.0,0.3304,0.9646,10.0,10.0,2.0
4399.0,Accumulation,0.3222865386739197,48.0,0.9587,0.2091,9.0,9.0,6.0
4400.0,Accumulation,0.3800921374551981,47.0,0.9634,0.1967,6.0,6.0,6.0
4401.0,None / Savings,0.6040134893199594,51.0,0.2011,0.2232,,,
4402.0,Accumulation,0.4730278065547111,47.0,0.9531,0.2218,5.0,5.0,8.0
4403.0,Accumulation,0.5423821940997384,70.0,0.7637,0.4089,8.0,8.0,1.0
4404.0,None / Savings,0.3154871516502473,52.0,0.2329,0.1702,,,
4405.0,Both,0.0439497700199043,85.0,0.9844,0.9835,,,9.0
4406.0,None / Savings,0.4170761374212027,55.0,0.2717,0.1968,,,
4407.0,Income,0.1305398277057279,75.0,0.2105,0.9698,10.0,10.0,10.0
4408.0,None / Savings,0.4352074856204614,18.0,0.0896,0.008,,,
4409.0,None / Savings,0.1975519048527387,60.0,0.2208,0.1476,,,
4410.0,None / Savings,0.4515271760942537,58.0,0.2132,0.1272,,,
4411.0,Income,0.229418863856143,82.0,0.3983,0.9514,10.0,10.0,2.0
4412.0,Income,0.439695586397798,57.0,0.2436,0.6494,2.0,2.0,4.0
4413.0,Both,0.3394476421677982,66.0,0.5156,0.6691,9.0,9.0,6.0
4414.0,Income,0.2394942820714929,68.0,0.1481,0.6689,10.0,10.0,2.0
4415.0,None / Savings,0.4820880903677004,49.0,0.2521,0.2005,,,
4416.0,None / Savings,0.0987912392442734,28.0,0.0288,0.1082,,,
4417.0,None / Savings,0.22017784528602,65.0,0.3444,0.1386,,,
4418.0,Accumulation,0.2748774597787744,41.0,0.9692,0.2096,9.0,9.0,9.0
4419.0,Accumulation,0.2400821373218066,54.0,0.9739,0.2078,,,9.0
4420.0,Accumulation,0.1552565901101685,46.0,0.9539,0.2919,,,9.0
4421.0,None / Savings,0.4263719865526531,58.0,0.3549,0.3393,,,
4422.0,Income,0.1395329384319275,71.0,0.2593,0.8522,10.0,10.0,10.0
4423.0,Accumulation,0.1407259464067913,62.0,0.9396,0.2135,,,9.0
4424.0,None / Savings,0.3982383219521919,56.0,0.2252,0.2607,,,
4425.0,None / Savings,0.5895198236336927,43.0,0.1706,0.2175,,,
4426.0,None / Savings,0.4608260357133113,44.0,0.2075,0.1813,,,
4427.0,Accumulation,0.4805052326495986,59.0,0.9506,0.2055,8.0,8.0,8.0
4428.0,Accumulation,0.4772919105594196,38.0,0.9797,0.2802,5.0,5.0,8.0
4429.0,Accumulation,0.4294932573173796,41.0,0.9651,0.1947,5.0,5.0,5.0
4430.0,None / Savings,0.6307685518389085,38.0,0.1978,0.2485,,,
4431.0,Accumulation,0.3386556838053304,53.0,0.9671,0.1837,9.0,9.0,6.0
4432.0,Accumulation,0.5443332144317818,59.0,0.9333,0.1536,8.0,8.0,1.0
4433.0,Both,0.0609645038183324,87.0,0.9823,0.9837,,,9.0
4434.0,None / Savings,0.1840023245033757,55.0,0.2106,0.2263,,,
4435.0,Accumulation,0.2707342381830331,45.0,0.9631,0.1996,9.0,9.0,9.0
4436.0,None / Savings,0.3429612978081109,49.0,0.2788,0.1693,,,
4437.0,Accumulation,0.3166919616027637,59.0,0.947,0.195,9.0,9.0,6.0
4438.0,Accumulation,0.266936328698612,65.0,0.5011,0.2171,,,9.0
4439.0,Accumulation,0.2416135403965111,49.0,0.9614,0.2645,,,9.0
4440.0,None / Savings,0.4006567758525051,55.0,0.2425,0.3292,,,
4441.0,Accumulation,0.432450032796121,64.0,0.5731,0.3759,5.0,5.0,5.0
4442.0,Accumulation,0.2453291925512715,56.0,0.9428,0.2402,,,9.0
4443.0,Income,0.4677305514479331,56.0,0.266,0.7225,4.0,4.0,4.0
4444.0,Income,0.6764059688286513,47.0,0.2988,0.8165,4.0,4.0,4.0
4445.0,Accumulation,0.2252016318176914,51.0,0.971,0.1656,,,9.0
4446.0,None / Savings,0.191848318485905,73.0,0.0069,0.1914,,,
4447.0,None / Savings,0.5609177572561463,46.0,0.1193,0.3012,,,
4448.0,None / Savings,0.5683602918966341,55.0,0.2214,0.3638,,,
4449.0,None / Savings,0.3355047341902359,36.0,0.2983,0.2011,,,
4450.0,Accumulation,0.1901108323637905,59.0,0.945,0.2238,,,9.0
4451.0,Income,0.4556234957057498,57.0,0.2484,0.7419,4.0,4.0,4.0
4452.0,None / Savings,0.4241152530186428,60.0,0.2001,0.2304,,,
4453.0,None / Savings,0.2702335219070209,55.0,0.1653,0.1583,,,
4454.0,None / Savings,0.1863914993384336,46.0,0.2209,0.1943,,,
4455.0,Accumulation,0.2148680796626686,54.0,0.9508,0.2448,,,9.0
4456.0,None / Savings,0.5105591911390502,43.0,0.1235,0.1785,,,
4457.0,Accumulation,0.5119726585552519,50.0,0.9669,0.2613,8.0,8.0,8.0
4458.0,Income,0.2618399487471026,85.0,0.3564,0.9887,10.0,10.0,2.0
4459.0,Both,0.2679994566899655,69.0,0.5505,0.9948,,,9.0
4460.0,None / Savings,0.1372251292806594,75.0,0.2312,0.3331,,,
4461.0,Accumulation,0.2910558418799012,67.0,0.6596,0.3116,9.0,9.0,9.0
4462.0,Both,0.4397808381308427,64.0,0.5496,0.7569,5.0,5.0,5.0
4463.0,Accumulation,0.0403212048905065,66.0,0.6365,0.2024,,,9.0
4464.0,Accumulation,0.3974964881002347,65.0,0.7057,0.4414,6.0,6.0,5.0
4465.0,None / Savings,0.2672541937387393,64.0,0.3254,0.154,,,
4466.0,None / Savings,0.6235442005679245,41.0,0.2345,0.2823,,,
4467.0,None / Savings,0.4576327941952363,53.0,0.236,0.3811,,,
4468.0,None / Savings,0.4872756479813816,55.0,0.2479,0.1854,,,
4469.0,None / Savings,0.1642694630818717,47.0,0.2967,0.1419,,,
4470.0,Accumulation,0.4075991470045944,45.0,0.9755,0.167,6.0,6.0,5.0
4471.0,Both,0.2491731887694196,78.0,0.5306,0.8374,,,9.0
4472.0,Accumulation,0.3929837626970785,62.0,0.955,0.1755,6.0,6.0,5.0
4473.0,Accumulation,0.7212931989791364,35.0,0.9427,0.0766,1.0,1.0,7.0
4474.0,None / Savings,0.4354461580808358,41.0,0.2166,0.1606,,,
4475.0,None / Savings,0.397563977352618,61.0,0.2991,0.1953,,,
4476.0,Income,0.568324313700748,48.0,0.2299,0.8493,4.0,4.0,4.0
4477.0,Accumulation,0.3545075231223445,46.0,0.9733,0.2853,9.0,9.0,6.0
4478.0,Accumulation,0.1285117026388801,51.0,0.97,0.3319,,,9.0
4479.0,Accumulation,0.2299053404137626,48.0,0.9636,0.2599,,,9.0
4480.0,None / Savings,0.2341260144281578,66.0,0.1455,0.3311,,,
4481.0,Both,0.2343010404862016,85.0,0.9984,0.9739,,,9.0
4482.0,Accumulation,0.6740391619794581,32.0,0.9659,0.1879,1.0,1.0,7.0
4483.0,Accumulation,0.3914600205530246,62.0,0.5053,0.2732,6.0,6.0,5.0
4484.0,None / Savings,0.148029760748944,62.0,0.1768,0.2492,,,
4485.0,Accumulation,0.3637379233339217,41.0,0.9842,0.3233,6.0,6.0,6.0
4486.0,Accumulation,0.3627281676223498,64.0,0.5366,0.2742,6.0,6.0,6.0
4487.0,None / Savings,0.6454373455866164,47.0,0.1919,0.4536,,,
4488.0,None / Savings,0.605369312881946,38.0,0.1436,0.1945,,,
4489.0,Accumulation,0.2591444691332015,29.0,0.9501,0.0821,,,9.0
4490.0,None / Savings,0.1663682225116826,62.0,0.147,0.1664,,,
4491.0,None / Savings,0.5111863019979297,58.0,0.2156,0.248,,,
4492.0,None / Savings,0.088015292763524,73.0,0.3188,0.3276,,,
4493.0,Both,0.7322775862156169,69.0,0.9983,0.9945,1.0,1.0,7.0
4494.0,None / Savings,0.2959492829030036,65.0,0.23,0.122,,,
4495.0,None / Savings,0.3433486796902428,29.0,0.3978,0.1167,,,
4496.0,Accumulation,0.3212057481319615,52.0,0.9699,0.1877,9.0,9.0,6.0
4497.0,None / Savings,0.3127709156494661,51.0,0.1774,0.2076,,,
4498.0,Accumulation,0.263091111576115,54.0,0.9651,0.1653,,,9.0
4499.0,Both,0.3838942992444223,71.0,0.9992,0.9941,6.0,6.0,6.0
4500.0,Accumulation,0.3231287926317135,45.0,0.9352,0.1798,9.0,9.0,6.0
4501.0,Accumulation,0.6748792110598739,62.0,0.9822,0.1475,1.0,1.0,7.0
4502.0,Accumulation,0.4207258948743422,42.0,0.9693,0.2732,5.0,5.0,5.0
4503.0,None / Savings,0.4342281323372639,40.0,0.2802,0.1363,,,
4504.0,Income,0.4004825022682612,65.0,0.3665,0.511,2.0,2.0,4.0
4505.0,None / Savings,0.1910138970145475,34.0,0.2381,0.1688,,,
4506.0,None / Savings,0.1635502457325749,73.0,0.2668,0.2426,,,
4507.0,None / Savings,0.3896194981513224,49.0,0.2609,0.3179,,,
4508.0,None / Savings,0.2299700455011873,59.0,0.1952,0.1323,,,
4509.0,None / Savings,0.1154069567302779,35.0,0.1569,0.2047,,,
4510.0,None / Savings,0.2137989158155655,66.0,0.435,0.2437,,,
4511.0,None / Savings,0.3513246986184813,55.0,0.2366,0.1615,,,
4512.0,None / Savings,0.3031333434759143,63.0,0.366,0.1565,,,
4513.0,Income,0.7086262842050927,48.0,0.1945,0.8726,4.0,4.0,4.0
4514.0,Income,0.6162223960748187,37.0,0.0432,0.8515,4.0,4.0,4.0
4515.0,Accumulation,0.5083915966054932,44.0,0.9354,0.2721,8.0,8.0,8.0
4516.0,Income,0.2602918862566263,74.0,0.252,0.9859,10.0,10.0,2.0
4517.0,None / Savings,0.3637739791862405,50.0,0.2792,0.1715,,,
4518.0,Accumulation,0.5776673841117027,41.0,0.9601,0.208,1.0,1.0,1.0
4519.0,None / Savings,0.2773614438137687,66.0,0.458,0.2367,,,
4520.0,None / Savings,0.3566251995757689,55.0,0.2083,0.2157,,,
4521.0,Income,0.5445044675460986,50.0,0.2474,0.7273,4.0,4.0,4.0
4522.0,None / Savings,0.1486814961575284,62.0,0.4824,0.3137,,,
4523.0,None / Savings,0.3226562030176998,65.0,0.2698,0.482,,,
4524.0,Accumulation,0.1535361109186828,44.0,0.9652,0.253,,,9.0
4525.0,Accumulation,0.2397258569162551,57.0,0.9483,0.18,,,9.0
4526.0,None / Savings,0.503024914348984,52.0,0.2306,0.1599,,,
4527.0,Accumulation,0.4378284265854311,50.0,0.9696,0.1193,5.0,5.0,5.0
4528.0,None / Savings,0.3123335784826202,59.0,0.2289,0.1808,,,
4529.0,None / Savings,0.151523422995802,63.0,0.1731,0.2421,,,
4530.0,Accumulation,0.1887400654842146,42.0,0.9745,0.1923,,,9.0
4531.0,Both,0.4620742616506837,68.0,0.5963,0.7524,5.0,5.0,8.0
4532.0,None / Savings,0.0689551107904703,61.0,0.4188,0.1222,,,
4533.0,None / Savings,0.0572941339188566,49.0,0.1994,0.0133,,,
4534.0,Accumulation,0.3681086905975876,43.0,0.9832,0.2114,6.0,6.0,6.0
4535.0,Accumulation,0.1532562811614274,51.0,0.5171,0.277,,,9.0
4536.0,Income,0.5932234295210124,53.0,0.2673,0.7967,4.0,4.0,4.0
4537.0,Income,0.308841557599161,57.0,0.2509,0.7444,2.0,2.0,2.0
4538.0,Accumulation,0.3947164105145536,51.0,0.9695,0.1677,6.0,6.0,5.0
4539.0,Income,0.3779972024160002,66.0,0.4508,0.6597,2.0,2.0,4.0
4540.0,Income,0.4188045163158967,71.0,0.3766,0.7848,2.0,2.0,4.0
4541.0,Income,0.2504879405398554,67.0,0.1574,0.7313,10.0,10.0,2.0
4542.0,None / Savings,0.18986361504606,50.0,0.2926,0.1985,,,
4543.0,Income,0.4623869304497738,59.0,0.2735,0.7603,4.0,4.0,4.0
4544.0,Accumulation,0.4549153187719504,62.0,0.544,0.3819,5.0,5.0,8.0
4545.0,Accumulation,0.1681549471579471,41.0,0.9681,0.1446,,,9.0
4546.0,Accumulation,0.5921739922104589,55.0,0.9769,0.1884,1.0,1.0,1.0
4547.0,Both,0.4042185332598141,39.0,0.9955,0.7074,6.0,6.0,5.0
4548.0,Income,0.4875730233272062,56.0,0.226,0.8389,4.0,4.0,4.0
4549.0,Accumulation,0.2293593744826812,78.0,0.7445,0.341,,,9.0
4550.0,None / Savings,0.2389330802522741,52.0,0.4002,0.1582,,,
4551.0,Accumulation,0.1825038317767349,49.0,0.9373,0.2156,,,9.0
4552.0,None / Savings,0.3046383936907833,66.0,0.4606,0.3925,,,
4553.0,None / Savings,0.3562157515477072,64.0,0.2629,0.296,,,
4554.0,None / Savings,0.2866756696802638,49.0,0.2038,0.1952,,,
4555.0,None / Savings,0.3442267801500498,48.0,0.2065,0.2201,,,
4556.0,Income,0.2373446264269995,69.0,0.077,0.6783,10.0,10.0,2.0
4557.0,Accumulation,0.2322087671739717,55.0,0.9647,0.2008,,,9.0
4558.0,None / Savings,0.4210999913999316,58.0,0.3249,0.1921,,,
4559.0,Income,0.4913022826605568,59.0,0.2398,0.8724,4.0,4.0,4.0
4560.0,Accumulation,0.5916218573007989,41.0,0.9596,0.2354,1.0,1.0,1.0
4561.0,Both,0.3348484555614628,79.0,0.6885,0.7136,9.0,9.0,6.0
4562.0,Income,0.1633714624213406,76.0,0.266,0.9891,10.0,10.0,10.0
4563.0,Accumulation,0.6471383012950458,24.0,0.9452,0.1833,1.0,1.0,1.0
4564.0,None / Savings,0.5135081602728583,57.0,0.2635,0.1561,,,
4565.0,Accumulation,0.5471853651738414,72.0,0.7459,0.364,8.0,8.0,1.0
4566.0,None / Savings,0.5862274308843407,42.0,0.1349,0.214,,,
4567.0,None / Savings,0.6151627206403362,56.0,0.1978,0.2903,,,
4568.0,Accumulation,0.4340833692209723,56.0,0.9552,0.1954,5.0,5.0,5.0
4569.0,Accumulation,0.2712348479291032,51.0,0.9453,0.1701,9.0,9.0,9.0
4570.0,Both,0.5289007841579406,65.0,0.7508,0.6201,8.0,8.0,1.0
4571.0,None / Savings,0.064132375326644,78.0,0.0042,0.1976,,,
4572.0,Accumulation,0.2097809303671109,58.0,0.9261,0.1445,,,9.0
4573.0,Income,0.2595234886067989,59.0,0.2207,0.8506,10.0,10.0,2.0
4574.0,None / Savings,0.5477028891414493,50.0,0.2485,0.2656,,,
4575.0,Income,0.2366878311659461,66.0,0.2461,0.936,10.0,10.0,2.0
4576.0,Income,0.6042335995519913,54.0,0.2144,0.859,4.0,4.0,4.0
4577.0,None / Savings,0.4625261119617747,59.0,0.2218,0.3716,,,
4578.0,Both,0.5554241754896789,72.0,0.9993,0.9893,1.0,1.0,1.0
4579.0,Accumulation,0.2356625140755368,51.0,0.9501,0.2156,,,9.0
4580.0,Income,0.501930337230896,52.0,0.2266,0.8923,4.0,4.0,4.0
4581.0,None / Savings,0.0787841432651024,57.0,0.057,0.0101,,,
4582.0,Income,0.5668905349447771,52.0,0.2159,0.7744,4.0,4.0,4.0
4583.0,None / Savings,0.4987883009261934,44.0,0.3241,0.2329,,,
4584.0,None / Savings,0.4254193285386803,60.0,0.2004,0.2305,,,
4585.0,None / Savings,0.5870575842239527,31.0,0.227,0.1941,,,
4586.0,None / Savings,0.155888064842581,51.0,0.1496,0.3425,,,
4587.0,Accumulation,0.2313932904859632,40.0,0.9767,0.2143,,,9.0
4588.0,Income,0.4114239314719925,70.0,0.3067,0.7766,2.0,2.0,4.0
4589.0,Accumulation,0.3529604341594187,56.0,0.9409,0.3366,9.0,9.0,6.0
4590.0,Income,0.5114124970712731,60.0,0.2385,0.8226,4.0,4.0,4.0
4591.0,Accumulation,0.4298374700992375,51.0,0.9611,0.2099,5.0,5.0,5.0
4592.0,Income,0.1950551993562028,77.0,0.1992,0.9737,10.0,10.0,10.0
4593.0,Accumulation,0.3072488992932369,49.0,0.713,0.2524,9.0,9.0,9.0
4594.0,None / Savings,0.2129692279090111,65.0,0.1827,0.1696,,,
4595.0,None / Savings,0.423283422707108,65.0,0.3149,0.151,,,
4596.0,None / Savings,0.3437744065266696,46.0,0.2985,0.2717,,,
4597.0,None / Savings,0.2583443146277085,58.0,0.2216,0.388,,,
4598.0,None / Savings,0.1838144150998325,57.0,0.2017,0.2249,,,
4599.0,Income,0.2736956179293048,74.0,0.3278,0.9979,10.0,10.0,2.0
4600.0,Accumulation,0.3789229468851135,42.0,0.9701,0.1722,6.0,6.0,6.0
4601.0,Income,0.4899920354696236,37.0,0.2162,0.784,4.0,4.0,4.0
4602.0,Income,0.4779339439350154,59.0,0.2327,0.8325,4.0,4.0,4.0
4603.0,None / Savings,0.1772471187431372,47.0,0.2402,0.255,,,
4604.0,Accumulation,0.3205837106341634,50.0,0.9638,0.2283,9.0,9.0,6.0
4605.0,None / Savings,0.2219086065575763,63.0,0.2376,0.1916,,,
4606.0,Accumulation,0.4931741887615347,42.0,0.9458,0.1966,8.0,8.0,8.0
4607.0,Both,0.6993864413821523,73.0,0.6999,0.9928,1.0,1.0,7.0
4608.0,Accumulation,0.1166448519891144,62.0,0.912,0.2181,,,9.0
4609.0,Accumulation,0.4178855276039311,70.0,0.525,0.2538,5.0,5.0,5.0
4610.0,Accumulation,0.2811074739004445,52.0,0.9613,0.2528,9.0,9.0,9.0
4611.0,Both,0.1596908204932667,67.0,0.999,0.9913,,,9.0
4612.0,None / Savings,0.7187655600114643,42.0,0.1699,0.111,,,
4613.0,None / Savings,0.2639355311244593,57.0,0.2289,0.192,,,
4614.0,Income,0.2348533890496248,71.0,0.2845,0.996,10.0,10.0,2.0
4615.0,None / Savings,0.3354283718007181,47.0,0.2338,0.3267,,,
4616.0,None / Savings,0.4105245160139835,56.0,0.2031,0.159,,,
4617.0,Both,0.4736894609420642,71.0,0.7718,0.9958,5.0,5.0,8.0
4618.0,Accumulation,0.53436236101366,47.0,0.9494,0.2104,8.0,8.0,1.0
4619.0,None / Savings,0.2011539126590679,39.0,0.3115,0.2991,,,
4620.0,Accumulation,0.3334994597085955,63.0,0.9413,0.205,9.0,9.0,6.0
4621.0,Income,0.2445036767175731,55.0,0.1856,0.7465,10.0,10.0,2.0
4622.0,None / Savings,0.143671534118365,41.0,0.1967,0.2192,,,
4623.0,Accumulation,0.369421421696987,47.0,0.9771,0.2029,6.0,6.0,6.0
4624.0,Accumulation,0.5073044518676547,58.0,0.9541,0.1202,8.0,8.0,8.0
4625.0,Accumulation,0.3473807476539224,57.0,0.9428,0.1601,9.0,9.0,6.0
4626.0,None / Savings,0.4106125587671481,52.0,0.1739,0.2173,,,
4627.0,None / Savings,0.1008246386362058,61.0,0.1528,0.3279,,,
4628.0,Income,0.4126393043622413,59.0,0.2765,0.8047,2.0,2.0,4.0
4629.0,Accumulation,0.2316622777255769,48.0,0.9697,0.1937,,,9.0
4630.0,Both,0.6125137920348159,46.0,0.9957,0.8942,1.0,1.0,1.0
4631.0,Accumulation,0.3246981461971958,45.0,0.9789,0.236,9.0,9.0,6.0
4632.0,None / Savings,0.1467806681781275,71.0,0.2507,0.2673,,,
4633.0,None / Savings,0.3241072168390522,44.0,0.231,0.1555,,,
4634.0,Income,0.2545844217638046,77.0,0.2143,0.8466,10.0,10.0,2.0
4635.0,Accumulation,0.3141250936397781,46.0,0.974,0.2613,9.0,9.0,9.0
4636.0,Accumulation,0.339771452066782,55.0,0.8869,0.2587,9.0,9.0,6.0
4637.0,Both,0.3663779124917361,64.0,0.5565,0.8235,6.0,6.0,6.0
4638.0,None / Savings,0.2744307056793925,62.0,0.4449,0.1767,,,
4639.0,Accumulation,0.1943071480508611,51.0,0.9646,0.2233,,,9.0
4640.0,None / Savings,0.2122122463970217,65.0,0.1852,0.0959,,,
4641.0,None / Savings,0.1467983812162201,40.0,0.3127,0.3072,,,
4642.0,Both,0.5229959517294644,68.0,0.8074,0.9978,8.0,8.0,1.0
4643.0,Both,0.5218392536948604,66.0,0.5579,0.9896,8.0,8.0,1.0
4644.0,Accumulation,0.2713025428344101,55.0,0.9614,0.199,9.0,9.0,9.0
4645.0,None / Savings,0.2740844360067466,58.0,0.1439,0.1793,,,
4646.0,Both,0.1764168656338259,74.0,0.9985,0.9962,,,9.0
4647.0,None / Savings,0.211784354843305,51.0,0.1388,0.2169,,,
4648.0,Both,0.5539252356897411,64.0,0.9992,0.8404,1.0,1.0,1.0
4649.0,None / Savings,0.0700713518338724,65.0,0.2596,0.2305,,,
4650.0,None / Savings,0.5705167375496226,61.0,0.4436,0.252,,,
4651.0,None / Savings,0.7048431006810444,28.0,0.2792,0.1628,,,
4652.0,None / Savings,0.532240404082195,49.0,0.2708,0.3432,,,
4653.0,None / Savings,0.2864607658734311,31.0,0.3073,0.1162,,,
4654.0,None / Savings,0.2679586779194789,51.0,0.085,0.2793,,,
4655.0,None / Savings,0.1938145388980983,38.0,0.2706,0.0398,,,
4656.0,None / Savings,0.5815375671855108,54.0,0.2627,0.315,,,
4657.0,None / Savings,0.3511800704181554,58.0,0.2095,0.2542,,,
4658.0,None / Savings,0.1557582329259077,70.0,0.1573,0.1608,,,
4659.0,None / Savings,0.3984204219598379,54.0,0.2208,0.2164,,,
4660.0,Accumulation,0.4999356400333676,55.0,0.9669,0.1014,8.0,8.0,8.0
4661.0,None / Savings,0.1406664027382616,65.0,0.0821,0.1795,,,
4662.0,None / Savings,0.331205183235303,65.0,0.4331,0.0667,,,
4663.0,Accumulation,0.1107559175590904,58.0,0.97,0.2642,,,9.0
4664.0,Income,0.332731899742996,67.0,0.2075,0.6875,2.0,2.0,2.0
4665.0,Accumulation,0.5492444619176753,48.0,0.9488,0.2592,8.0,8.0,1.0
4666.0,Both,0.3043176187990571,75.0,0.6446,0.9455,9.0,9.0,9.0
4667.0,Both,0.7924622893572392,39.0,0.9949,0.5573,7.0,7.0,7.0
4668.0,Accumulation,0.473853305673573,49.0,0.9741,0.1807,5.0,5.0,8.0
4669.0,None / Savings,0.2574298523348807,62.0,0.2558,0.2292,,,
4670.0,Accumulation,0.3171079295663834,54.0,0.9778,0.2117,9.0,9.0,6.0
4671.0,Accumulation,0.2759855978107301,36.0,0.9681,0.1799,9.0,9.0,9.0
4672.0,None / Savings,0.2641301682687086,65.0,0.3226,0.1109,,,
4673.0,None / Savings,0.383732892531431,61.0,0.3338,0.2149,,,
4674.0,Income,0.2895419611414981,71.0,0.2365,0.7807,10.0,10.0,2.0
4675.0,Income,0.341801626078769,58.0,0.2826,0.7878,2.0,2.0,2.0
4676.0,Accumulation,0.199065725401603,60.0,0.935,0.2398,,,9.0
4677.0,Accumulation,0.3901404117179236,44.0,0.9726,0.2013,6.0,6.0,5.0
4678.0,Both,0.2589867362350338,77.0,0.664,0.8085,,,9.0
4679.0,Both,0.2672766042486169,79.0,0.6063,0.9844,,,9.0
4680.0,Accumulation,0.3901401206172433,51.0,0.9612,0.1158,6.0,6.0,5.0
4681.0,Accumulation,0.630533407863731,45.0,0.9488,0.2158,1.0,1.0,1.0
4682.0,Both,0.4684865863537828,73.0,0.7253,0.7729,5.0,5.0,8.0
4683.0,Accumulation,0.3436120334160376,45.0,0.9746,0.2509,9.0,9.0,6.0
4684.0,Accumulation,0.6732127241830995,58.0,0.9491,0.1244,1.0,1.0,7.0
4685.0,Income,0.553629496363862,53.0,0.2218,0.7661,4.0,4.0,4.0
4686.0,Accumulation,0.3420756894770644,62.0,0.9412,0.224,9.0,9.0,6.0
4687.0,None / Savings,0.4190947926757776,35.0,0.1769,0.2113,,,
4688.0,None / Savings,0.1975054010148823,56.0,0.1635,0.2057,,,
4689.0,None / Savings,0.2491918416663134,58.0,0.1734,0.3403,,,
4690.0,None / Savings,0.2138788133602431,43.0,0.2918,0.2474,,,
4691.0,None / Savings,0.2267975550935792,52.0,0.3306,0.1517,,,
4692.0,None / Savings,0.3822473403931895,64.0,0.4795,0.2493,,,
4693.0,None / Savings,0.4463548015647268,36.0,0.43,0.1856,,,
4694.0,Income,0.6862264639681486,49.0,0.2015,0.7985,4.0,4.0,4.0
4695.0,Accumulation,0.3405345720638763,58.0,0.9438,0.2133,9.0,9.0,6.0
4696.0,Income,0.6823252966671003,48.0,0.2683,0.9198,4.0,4.0,4.0
4697.0,Income,0.2303383790280706,68.0,0.2114,0.894,10.0,10.0,2.0
4698.0,Both,0.2779129773062202,64.0,0.9966,0.5779,9.0,9.0,9.0
4699.0,Accumulation,0.5929802705834901,42.0,0.9456,0.3262,1.0,1.0,1.0
4700.0,None / Savings,0.4048720385851435,57.0,0.2375,0.2673,,,
4701.0,None / Savings,0.2474829267359812,68.0,0.1507,0.2386,,,
4702.0,Accumulation,0.2219294745775542,58.0,0.9222,0.1849,,,9.0
4703.0,Accumulation,0.4527220819003072,64.0,0.506,0.1582,5.0,5.0,8.0
4704.0,Both,0.543045030898687,61.0,0.5613,0.8655,8.0,8.0,1.0
4705.0,Both,0.5319653313320228,64.0,0.5296,0.7128,8.0,8.0,1.0
4706.0,Accumulation,0.3180167333051694,46.0,0.9783,0.2071,9.0,9.0,6.0
4707.0,Accumulation,0.2628275595382809,50.0,0.9643,0.2814,,,9.0
4708.0,Accumulation,0.4951104101039961,52.0,0.9525,0.1809,8.0,8.0,8.0
4709.0,Accumulation,0.4413306878071909,41.0,0.9416,0.2241,5.0,5.0,5.0
4710.0,None / Savings,0.202017659673804,35.0,0.1988,0.1071,,,
4711.0,None / Savings,0.3484293824805015,58.0,0.1933,0.111,,,
4712.0,None / Savings,0.4416151855284298,61.0,0.3394,0.3128,,,
4713.0,Income,0.2662922373515284,66.0,0.4654,0.9856,10.0,10.0,2.0
4714.0,Income,0.4692104056027029,59.0,0.2515,0.7533,4.0,4.0,4.0
4715.0,Accumulation,0.2790590590537136,47.0,0.9747,0.2735,9.0,9.0,9.0
4716.0,None / Savings,0.292479752943402,55.0,0.228,0.1492,,,
4717.0,Accumulation,0.0903296317466699,47.0,0.5505,0.4764,,,9.0
4718.0,None / Savings,0.2606642761782479,63.0,0.3544,0.1585,,,
4719.0,None / Savings,0.4085665875757403,44.0,0.263,0.1504,,,
4720.0,None / Savings,0.3242791500971133,64.0,0.4474,0.2709,,,
4721.0,None / Savings,0.3864584874917015,58.0,0.2205,0.1467,,,
4722.0,Both,0.4231800275975431,64.0,0.5944,0.784,5.0,5.0,5.0
4723.0,None / Savings,0.2588843124839568,43.0,0.2761,0.1709,,,
4724.0,None / Savings,0.4674164596729493,57.0,0.1846,0.1938,,,
4725.0,None / Savings,0.4891908117300275,54.0,0.1468,0.1849,,,
4726.0,Accumulation,0.3236734674974965,42.0,0.9777,0.284,9.0,9.0,6.0
4727.0,None / Savings,0.3381973641924756,60.0,0.2541,0.1899,,,
4728.0,None / Savings,0.3045433164850534,61.0,0.3176,0.1852,,,
4729.0,Accumulation,0.370646087635325,50.0,0.9591,0.2601,6.0,6.0,6.0
4730.0,Both,0.2825015347980072,66.0,0.5239,0.9488,9.0,9.0,9.0
4731.0,Accumulation,0.4597511411451653,41.0,0.9621,0.1771,5.0,5.0,8.0
4732.0,None / Savings,0.4202442674048297,45.0,0.3142,0.2886,,,
4733.0,Accumulation,0.5771127381605239,52.0,0.95,0.2123,1.0,1.0,1.0
4734.0,None / Savings,0.2643787683201558,44.0,0.1825,0.2933,,,
4735.0,Income,0.4208879059814791,49.0,0.2647,0.6895,2.0,2.0,4.0
4736.0,None / Savings,0.4768311348968904,65.0,0.0103,0.2093,,,
4737.0,None / Savings,0.4231409386091483,47.0,0.2378,0.4695,,,
4738.0,None / Savings,0.4625389709789109,56.0,0.1722,0.1417,,,
4739.0,None / Savings,0.3756078482815077,51.0,0.3507,0.2921,,,
4740.0,Income,0.3942242479003133,53.0,0.2368,0.6815,2.0,2.0,4.0
4741.0,Income,0.2741172380276741,79.0,0.3576,0.9881,10.0,10.0,2.0
4742.0,Accumulation,0.3247231578660593,49.0,0.9738,0.218,9.0,9.0,6.0
4743.0,Income,0.2479070392178169,70.0,0.2373,0.953,10.0,10.0,2.0
4744.0,Accumulation,0.1111612874380297,56.0,0.9651,0.3045,,,9.0
4745.0,Accumulation,0.4235751507799989,56.0,0.9481,0.0974,5.0,5.0,5.0
4746.0,Accumulation,0.2866341657014714,32.0,0.944,0.247,9.0,9.0,9.0
4747.0,None / Savings,0.1731410661554409,65.0,0.1312,0.0866,,,
4748.0,Accumulation,0.2543215449146334,57.0,0.9385,0.1074,,,9.0
4749.0,None / Savings,0.3889275329988416,47.0,0.1466,0.1572,,,
4750.0,Accumulation,0.4797632110975691,55.0,0.9654,0.2213,5.0,5.0,8.0
4751.0,None / Savings,0.1668621706138026,54.0,0.256,0.1839,,,
4752.0,Both,0.6667695087162848,85.0,0.9997,0.9966,1.0,1.0,7.0
4753.0,None / Savings,0.1496029920999922,35.0,0.3126,0.1734,,,
4754.0,Accumulation,0.7070746374872319,47.0,0.9563,0.2116,1.0,1.0,7.0
4755.0,Income,0.45357149991014,58.0,0.2832,0.8234,4.0,4.0,4.0
4756.0,Both,0.3379778705875793,78.0,0.9996,0.9927,9.0,9.0,6.0
4757.0,Accumulation,0.5431135282444277,59.0,0.9359,0.0981,8.0,8.0,1.0
4758.0,None / Savings,0.2168438969182491,64.0,0.2261,0.2486,,,
4759.0,None / Savings,0.3340357487209939,63.0,0.2293,0.2148,,,
4760.0,None / Savings,0.2929714565360437,63.0,0.2445,0.2045,,,
4761.0,Both,0.2530280592961508,71.0,0.6484,0.8756,,,9.0
4762.0,Both,0.4255564284264423,74.0,0.6342,0.9948,5.0,5.0,5.0
4763.0,None / Savings,0.3941936326993308,57.0,0.1654,0.1665,,,
4764.0,None / Savings,0.4217111124750397,52.0,0.2154,0.2089,,,
4765.0,Accumulation,0.3914801251445753,57.0,0.9277,0.2118,6.0,6.0,5.0
4766.0,Accumulation,0.4547457573336925,51.0,0.9666,0.2811,5.0,5.0,8.0
4767.0,None / Savings,0.8534634520671063,18.0,0.1806,0.0264,,,
4768.0,Accumulation,0.1978803998382061,53.0,0.9566,0.2049,,,9.0
4769.0,None / Savings,0.4939685914821834,58.0,0.1944,0.1697,,,
4770.0,Accumulation,0.402401963260883,52.0,0.9724,0.2026,6.0,6.0,5.0
4771.0,Accumulation,0.5174987941068164,52.0,0.9602,0.2094,8.0,8.0,1.0
4772.0,Income,0.1508547901373404,71.0,0.2863,0.68,10.0,10.0,10.0
4773.0,None / Savings,0.4709656085395695,56.0,0.2381,0.2996,,,
4774.0,Income,0.5785539964124241,55.0,0.2269,0.6848,4.0,4.0,4.0
4775.0,Accumulation,0.7671409767277769,43.0,0.9505,0.0814,7.0,7.0,7.0
4776.0,Accumulation,0.392470725049809,50.0,0.97,0.2648,6.0,6.0,5.0
4777.0,Accumulation,0.7340064236115454,53.0,0.9604,0.0564,1.0,1.0,7.0
4778.0,Both,0.5169628578123361,58.0,0.9957,0.8284,8.0,8.0,1.0
4779.0,Accumulation,0.2325513316663925,60.0,0.9347,0.2035,,,9.0
4780.0,Both,0.4577283622934346,72.0,0.6928,0.9363,5.0,5.0,8.0
4781.0,Both,0.4012333084001702,66.0,0.5303,0.6991,6.0,6.0,5.0
4782.0,Accumulation,0.2482435650129387,30.0,0.9699,0.2035,,,9.0
4783.0,Both,0.4611268716535194,72.0,0.7836,0.9988,5.0,5.0,8.0
4784.0,Accumulation,0.4786981131025337,48.0,0.9661,0.2372,5.0,5.0,8.0
4785.0,Both,0.4362449523828926,79.0,0.9997,0.9892,5.0,5.0,5.0
4786.0,Accumulation,0.6244047072962565,59.0,0.943,0.3256,1.0,1.0,1.0
4787.0,Accumulation,0.3049121019360951,45.0,0.962,0.3126,9.0,9.0,9.0
4788.0,Accumulation,0.7580377958760803,29.0,0.9762,0.0896,7.0,7.0,7.0
4789.0,Income,0.6306294221799392,48.0,0.195,0.7323,4.0,4.0,4.0
4790.0,Income,0.4842629052762714,89.0,0.2795,0.718,4.0,2.0,4.0
4791.0,None / Savings,0.4594643161429018,48.0,0.2368,0.2529,,,
4792.0,Accumulation,0.1733858297585951,50.0,0.9558,0.224,,,9.0
4793.0,Accumulation,0.4976480662755625,35.0,0.9649,0.1671,8.0,8.0,8.0
4794.0,None / Savings,0.3402261215240698,32.0,0.2375,0.3381,,,
4795.0,None / Savings,0.2485689776619176,28.0,0.0597,0.0237,,,
4796.0,Income,0.3768597046237133,59.0,0.2696,0.7071,2.0,2.0,4.0
4797.0,None / Savings,0.6261578830365357,26.0,0.1963,0.2023,,,
4798.0,Accumulation,0.4100382265594705,62.0,0.985,0.1563,5.0,5.0,5.0
4799.0,None / Savings,0.3962843354718406,52.0,0.2241,0.1985,,,
4800.0,None / Savings,0.394158340370174,65.0,0.4254,0.0879,,,
4801.0,None / Savings,0.3487114160485096,55.0,0.3411,0.1624,,,
4802.0,None / Savings,0.0674530241236833,44.0,0.2991,0.264,,,
4803.0,None / Savings,0.3467563335935699,58.0,0.2368,0.2604,,,
4804.0,Accumulation,0.6477950517278744,61.0,0.5266,0.1698,1.0,1.0,1.0
4805.0,Both,0.5425296571924613,72.0,0.6944,0.9932,8.0,8.0,1.0
4806.0,Accumulation,0.5643967222461851,42.0,0.9684,0.2026,1.0,1.0,1.0
4807.0,None / Savings,0.2362436524704216,39.0,0.2847,0.1836,,,
4808.0,None / Savings,0.0709651196171932,30.0,0.1124,0.1781,,,
4809.0,None / Savings,0.1119463994271744,47.0,0.2293,0.3931,,,
4810.0,Accumulation,0.1928922578191051,50.0,0.9708,0.2212,,,9.0
4811.0,Accumulation,0.2123195260270759,51.0,0.9582,0.266,,,9.0
4812.0,None / Savings,0.2765425767815217,51.0,0.2429,0.1716,,,
4813.0,None / Savings,0.2166633338679502,48.0,0.3059,0.2971,,,
4814.0,None / Savings,0.2638232597448066,52.0,0.1302,0.2361,,,
4815.0,None / Savings,0.2690435175424524,59.0,0.2161,0.2621,,,
4816.0,Both,0.488374462476192,76.0,0.731,0.982,8.0,8.0,8.0
4817.0,Income,0.5829677771479322,51.0,0.2057,0.8457,4.0,4.0,4.0
4818.0,Income,0.2209579334301321,72.0,0.1921,0.7697,10.0,10.0,2.0
4819.0,None / Savings,0.0870357249591052,74.0,0.2879,0.2885,,,
4820.0,None / Savings,0.2095653625131565,70.0,0.3429,0.4012,,,
4821.0,None / Savings,0.405197859856702,44.0,0.1883,0.1816,,,
4822.0,Accumulation,0.1798218913046446,38.0,0.9488,0.221,,,9.0
4823.0,None / Savings,0.2929798028445372,62.0,0.3633,0.1292,,,
4824.0,Accumulation,0.4184404662986521,59.0,0.942,0.1313,5.0,5.0,5.0
4825.0,None / Savings,0.353288524564163,38.0,0.2507,0.1898,,,
4826.0,None / Savings,0.5829823215492576,36.0,0.1513,0.2222,,,
4827.0,None / Savings,0.1106373488971251,69.0,0.4228,0.3463,,,
4828.0,Both,0.5276267721801654,75.0,0.9877,0.998,8.0,8.0,1.0
4829.0,Income,0.2374294091272414,70.0,0.4555,0.7083,10.0,10.0,2.0
4830.0,Accumulation,0.1424643993180327,40.0,0.9743,0.3009,,,9.0
4831.0,Income,0.5538019770914119,61.0,0.461,0.5489,4.0,4.0,4.0
4832.0,Accumulation,0.1405853716328923,63.0,0.6941,0.375,,,9.0
4833.0,Income,0.6234830534870964,55.0,0.1829,0.8992,4.0,4.0,4.0
4834.0,Accumulation,0.4076616140240257,39.0,0.9678,0.2138,6.0,6.0,5.0
4835.0,Accumulation,0.3512717125016377,44.0,0.968,0.2804,9.0,9.0,6.0
4836.0,Accumulation,0.3490545639835439,63.0,0.9522,0.183,9.0,9.0,6.0
4837.0,Accumulation,0.3585958477072129,37.0,0.9465,0.1911,9.0,9.0,6.0
4838.0,Both,0.6864933072049441,49.0,0.9949,0.7607,1.0,1.0,7.0
4839.0,None / Savings,0.3100147675631917,56.0,0.1646,0.1892,,,
4840.0,Both,0.5038129602977693,69.0,0.6905,0.785,8.0,8.0,8.0
4841.0,None / Savings,0.2184631938673608,49.0,0.1842,0.1861,,,
4842.0,None / Savings,0.53809971402264,31.0,0.3826,0.1268,,,
4843.0,Accumulation,0.3620904150170549,64.0,0.985,0.199,6.0,6.0,6.0
4844.0,None / Savings,0.2884762437574092,49.0,0.2254,0.2601,,,
4845.0,Income,0.2229804284630402,77.0,0.3343,0.9713,10.0,10.0,2.0
4846.0,None / Savings,0.5284723639970795,43.0,0.2687,0.2466,,,
4847.0,None / Savings,0.4541786585729428,56.0,0.2811,0.4493,,,
4848.0,Income,0.3097593567302832,74.0,0.2801,0.9273,2.0,2.0,2.0
4849.0,Both,0.3197584823390113,62.0,0.5045,0.5681,9.0,9.0,6.0
4850.0,Accumulation,0.4785186454654759,55.0,0.9796,0.192,5.0,5.0,8.0
4851.0,None / Savings,0.3508217890530677,58.0,0.2475,0.125,,,
4852.0,Income,0.3027720347682465,76.0,0.293,0.9788,2.0,2.0,2.0
4853.0,Both,0.1850088528145293,81.0,0.997,0.982,,,9.0
4854.0,Accumulation,0.4118778875875099,42.0,0.9631,0.1823,5.0,5.0,5.0
4855.0,Income,0.5157787222874215,58.0,0.3456,0.7557,4.0,4.0,4.0
4856.0,None / Savings,0.3457204257976848,61.0,0.4947,0.1724,,,
4857.0,Accumulation,0.458778571085603,41.0,0.9498,0.2101,5.0,5.0,8.0
4858.0,Both,0.6800643210839388,61.0,0.5125,0.7825,1.0,1.0,7.0
4859.0,Accumulation,0.2697349098053341,54.0,0.9749,0.1968,,,9.0
4860.0,Income,0.5466751853366673,58.0,0.1683,0.7676,4.0,4.0,4.0
4861.0,Accumulation,0.3287372001432807,47.0,0.9856,0.2759,9.0,9.0,6.0
4862.0,None / Savings,0.2768114424739606,22.0,0.0617,0.261,,,
4863.0,None / Savings,0.1543555781028012,36.0,0.0599,0.0644,,,
4864.0,Both,0.3870854278737801,73.0,0.5294,0.9605,6.0,6.0,5.0
4865.0,None / Savings,0.3471316711126302,53.0,0.2086,0.2331,,,
4866.0,Accumulation,0.302019424973947,39.0,0.9708,0.1752,9.0,9.0,9.0
4867.0,Both,0.6026173530167093,75.0,0.9998,0.9987,1.0,1.0,1.0
4868.0,Both,0.6056789665841574,73.0,0.9995,0.9949,1.0,1.0,1.0
4869.0,None / Savings,0.6141434962795054,38.0,0.3242,0.0857,,,
4870.0,None / Savings,0.100120567614161,70.0,0.2655,0.3236,,,
4871.0,None / Savings,0.2194161711961993,72.0,0.3628,0.4717,,,
4872.0,Accumulation,0.1995508988595778,45.0,0.9688,0.2263,,,9.0
4873.0,Accumulation,0.4627659022806922,62.0,0.9892,0.1808,5.0,5.0,8.0
4874.0,Income,0.2796878379423658,52.0,0.2469,0.7533,10.0,10.0,2.0
4875.0,Accumulation,0.4505535489594557,69.0,0.5098,0.2175,5.0,5.0,8.0
4876.0,None / Savings,0.4141569513743029,43.0,0.2185,0.192,,,
4877.0,Accumulation,0.349958102012576,51.0,0.9847,0.253,9.0,9.0,6.0
4878.0,Both,0.4344098899274374,72.0,0.7468,0.9941,5.0,5.0,5.0
4879.0,Both,0.4345697745593667,54.0,0.9968,0.867,5.0,5.0,5.0
4880.0,Accumulation,0.3550678202602671,63.0,0.683,0.4798,9.0,9.0,6.0
4881.0,None / Savings,0.267249397335157,66.0,0.1631,0.2327,,,
4882.0,None / Savings,0.7123682142163171,47.0,0.1742,0.1005,,,
4883.0,Accumulation,0.0701444158213578,33.0,0.932,0.1683,,,9.0
4884.0,Both,0.364520742371236,76.0,0.62,0.9982,6.0,6.0,6.0
4885.0,Accumulation,0.286702302577249,49.0,0.9593,0.4232,9.0,9.0,9.0
4886.0,None / Savings,0.3095440046767604,58.0,0.2117,0.2483,,,
4887.0,Accumulation,0.5970461498109163,47.0,0.9558,0.2345,1.0,1.0,1.0
4888.0,Accumulation,0.5962871232287529,31.0,0.9787,0.1752,1.0,1.0,1.0
4889.0,Accumulation,0.3963758308486759,46.0,0.9828,0.1894,6.0,6.0,5.0
4890.0,Both,0.3673706811757472,74.0,0.9993,0.9955,6.0,6.0,6.0
4891.0,None / Savings,0.1964264672919213,50.0,0.2073,0.2388,,,
4892.0,Accumulation,0.1838949561654135,54.0,0.9211,0.2122,,,9.0
4893.0,Accumulation,0.432357098219484,59.0,0.9424,0.1721,5.0,5.0,5.0
4894.0,Income,0.470975113104406,62.0,0.46,0.7548,4.0,4.0,4.0
4895.0,Accumulation,0.2695104660652656,57.0,0.9461,0.1847,,,9.0
4896.0,None / Savings,0.2346398496285426,50.0,0.3645,0.1361,,,
4897.0,Accumulation,0.5054959976150443,41.0,0.9506,0.2041,8.0,8.0,8.0
4898.0,Both,0.4130986232798357,62.0,0.9993,0.9148,5.0,5.0,5.0
4899.0,None / Savings,0.4781658054198147,33.0,0.2932,0.1238,,,
4900.0,Income,0.5296632605029455,41.0,0.2425,0.7612,4.0,4.0,4.0
4901.0,Both,0.553491345382604,63.0,0.5731,0.631,1.0,1.0,1.0
4902.0,None / Savings,0.2464883797903761,60.0,0.1014,0.1778,,,
4903.0,Accumulation,0.3671368766675545,45.0,0.9674,0.2045,6.0,6.0,6.0
4904.0,None / Savings,0.4367006797776599,61.0,0.4337,0.1894,,,
4905.0,None / Savings,0.285961982880742,60.0,0.1576,0.2082,,,
4906.0,None / Savings,0.4704260124392643,40.0,0.2796,0.2907,,,
4907.0,None / Savings,0.5438210650681096,54.0,0.2673,0.3726,,,
4908.0,Both,0.3081676198636229,82.0,0.9986,0.9947,9.0,9.0,9.0
4909.0,None / Savings,0.3974241087986945,49.0,0.1111,0.267,,,
4910.0,Accumulation,0.3120892151712401,40.0,0.9748,0.2514,9.0,9.0,9.0
4911.0,Accumulation,0.2679417788301998,57.0,0.9416,0.2961,,,9.0
4912.0,None / Savings,0.299919215617057,47.0,0.2745,0.2501,,,
4913.0,Accumulation,0.2255322748242291,51.0,0.9578,0.26,,,9.0
4914.0,None / Savings,0.2971860202545215,62.0,0.4447,0.2198,,,
4915.0,Both,0.5715788834208824,54.0,0.9937,0.8208,1.0,1.0,1.0
4916.0,Accumulation,0.327954185975474,51.0,0.9632,0.2523,9.0,9.0,6.0
4917.0,Income,0.4931817571021329,46.0,0.2361,0.8186,4.0,4.0,4.0
4918.0,None / Savings,0.5674796658498377,44.0,0.2256,0.3751,,,
4919.0,None / Savings,0.5992399912665666,43.0,0.2284,0.1773,,,
4920.0,None / Savings,0.4878347942375216,47.0,0.2168,0.3236,,,
4921.0,Income,0.1666666262189203,77.0,0.175,0.78,10.0,10.0,10.0
4922.0,Income,0.387601564524052,56.0,0.2922,0.6771,2.0,2.0,4.0
4923.0,Income,0.4575020905362704,44.0,0.2296,0.6243,4.0,4.0,4.0
4924.0,Accumulation,0.2459531958377686,53.0,0.9751,0.2874,,,9.0
4925.0,None / Savings,0.5306978262059232,58.0,0.1911,0.1743,,,
4926.0,Accumulation,0.2717847836879873,58.0,0.9466,0.2087,9.0,9.0,9.0
4927.0,Accumulation,0.3790420900834427,58.0,0.9343,0.2078,6.0,6.0,6.0
4928.0,None / Savings,0.4106589654524752,65.0,0.3158,0.2033,,,
4929.0,None / Savings,0.4061722970620692,49.0,0.2349,0.2163,,,
4930.0,Income,0.3310224105743698,60.0,0.2343,0.8359,2.0,2.0,2.0
4931.0,Accumulation,0.2946889427158067,51.0,0.8421,0.1915,9.0,9.0,9.0
4932.0,Accumulation,0.2126123373240792,36.0,0.9531,0.1342,,,9.0
4933.0,Accumulation,0.3328726409853357,46.0,0.9666,0.2189,9.0,9.0,6.0
4934.0,Both,0.4795421362198737,75.0,0.6367,0.5473,5.0,5.0,8.0
4935.0,Income,0.4883019274966637,52.0,0.2296,0.8343,4.0,4.0,4.0
4936.0,Both,0.7164256250691845,77.0,0.7101,0.943,1.0,1.0,7.0
4937.0,None / Savings,0.4630841849727822,64.0,0.4896,0.2154,,,
4938.0,Income,0.349807116069372,49.0,0.2889,0.8166,2.0,2.0,2.0
4939.0,Income,0.288024654959834,68.0,0.4939,0.9636,10.0,10.0,2.0
4940.0,Both,0.2685295874573002,73.0,0.9992,0.9986,,,9.0
4941.0,Both,0.4914818788267644,67.0,0.5844,0.771,8.0,8.0,8.0
4942.0,None / Savings,0.7055704355239137,41.0,0.2826,0.2246,,,
4943.0,Accumulation,0.2825623192001377,50.0,0.967,0.1874,9.0,9.0,9.0
4944.0,None / Savings,0.3137834152715577,63.0,0.4247,0.1321,,,
4945.0,Both,0.3413556637277151,68.0,0.6058,0.9548,9.0,9.0,6.0
4946.0,Accumulation,0.1185316127544764,54.0,0.9709,0.41,,,9.0
4947.0,None / Savings,0.1596608177928384,72.0,0.283,0.3493,,,
4948.0,Both,0.3093726105035379,52.0,0.9981,0.9759,9.0,9.0,9.0
4949.0,None / Savings,0.4639694000233997,76.0,0.1349,0.105,,,
4950.0,Income,0.1491172976749687,55.0,0.2679,0.7414,10.0,10.0,10.0
4951.0,None / Savings,0.1877530750277986,68.0,0.2029,0.2748,,,
4952.0,None / Savings,0.2379098255775291,52.0,0.2204,0.1508,,,
4953.0,Accumulation,0.4789338171290274,54.0,0.9785,0.1752,5.0,5.0,8.0
4954.0,None / Savings,0.2886748098715904,40.0,0.3356,0.1688,,,
4955.0,None / Savings,0.5767706158699906,59.0,0.2177,0.4066,,,
4956.0,None / Savings,0.2251130796121357,56.0,0.2367,0.2194,,,
4957.0,Both,0.4677932358596322,63.0,0.6304,0.7826,5.0,5.0,8.0
4958.0,Accumulation,0.3692956938545927,57.0,0.9567,0.1872,6.0,6.0,6.0
4959.0,Income,0.5450262287224545,48.0,0.2133,0.7314,4.0,4.0,4.0
4960.0,None / Savings,0.2470029415454509,61.0,0.4297,0.4952,,,
4961.0,None / Savings,0.1268455237639117,74.0,0.1658,0.3392,,,
4962.0,None / Savings,0.2684967576092968,49.0,0.2341,0.1614,,,
4963.0,None / Savings,0.2659446719887908,68.0,0.271,0.3129,,,
4964.0,Income,0.7925261791084356,38.0,0.0356,0.6646,4.0,4.0,4.0
4965.0,None / Savings,0.7133209809691119,40.0,0.1311,0.1211,,,
4966.0,Accumulation,0.2443357585239224,42.0,0.9552,0.2314,,,9.0
4967.0,Accumulation,0.2307110501732116,71.0,0.8323,0.1821,,,9.0
4968.0,None / Savings,0.4625492967771351,55.0,0.2013,0.1596,,,
4969.0,Accumulation,0.3927721378139125,63.0,0.5457,0.1389,6.0,6.0,5.0
4970.0,None / Savings,0.2906324326842689,54.0,0.3065,0.1906,,,
4971.0,Accumulation,0.5621696034382809,45.0,0.9665,0.2364,1.0,1.0,1.0
4972.0,Both,0.4341690078924232,53.0,0.9949,0.8389,5.0,5.0,5.0
4973.0,None / Savings,0.2912805011287769,52.0,0.0729,0.157,,,
4974.0,Both,0.3588485038143714,62.0,0.5828,0.7601,9.0,9.0,6.0
4975.0,Accumulation,0.5422705959404515,44.0,0.9569,0.2067,8.0,8.0,1.0
4976.0,Accumulation,0.7136800710784766,36.0,0.9434,0.1074,1.0,1.0,7.0
4977.0,None / Savings,0.2691274010279545,60.0,0.1865,0.1515,,,
4978.0,Accumulation,0.5390225074486306,48.0,0.9603,0.1994,8.0,8.0,1.0
4979.0,None / Savings,0.742720951797023,46.0,0.1411,0.1783,,,
4980.0,None / Savings,0.3350428272843145,62.0,0.2851,0.4116,,,
4981.0,Income,0.5509665610214617,55.0,0.2516,0.8188,4.0,4.0,4.0
4982.0,None / Savings,0.6502363772784612,57.0,0.2074,0.2906,,,
4983.0,Both,0.3978775968846569,71.0,0.9993,0.9893,6.0,6.0,5.0
4984.0,Both,0.4163525406005249,63.0,0.5217,0.7575,5.0,5.0,5.0
4985.0,Accumulation,0.2624957044183864,55.0,0.9589,0.2732,,,9.0
4986.0,None / Savings,0.3534760295012197,40.0,0.422,0.133,,,
4987.0,None / Savings,0.4285973995191454,37.0,0.0496,0.1093,,,
4988.0,None / Savings,0.5494500617579448,58.0,0.1608,0.3084,,,
4989.0,Income,0.2099490428371872,70.0,0.3345,0.5134,10.0,10.0,10.0
4990.0,Both,0.307864079068035,78.0,0.9997,0.9966,9.0,9.0,9.0
4991.0,Accumulation,0.2112624502537947,57.0,0.9181,0.1397,,,9.0
4992.0,Accumulation,0.1754663327127869,47.0,0.9495,0.3231,,,9.0
4993.0,None / Savings,0.1293464423185861,36.0,0.2209,0.2251,,,
4994.0,None / Savings,0.3725370236034913,49.0,0.1674,0.1982,,,
4995.0,None / Savings,0.3080498250792718,25.0,0.0502,0.024,,,
4996.0,None / Savings,0.5883533560608936,60.0,0.3229,0.2143,,,
4997.0,Accumulation,0.3432718609670633,65.0,0.5591,0.4286,9.0,9.0,6.0
4998.0,None / Savings,0.4027709214721717,56.0,0.2454,0.1285,,,
4999.0,None / Savings,0.4314190097251895,51.0,0.2254,0.2998,,,
5000.0,Income,0.3531672112339536,67.0,0.3061,0.6373,2.0,2.0,2.0
