Client_ID,Predicted_Need,RiskPropensity,Age,Wealth,Prob_Acc,Prob_Inc,Rec_Strict,Rec_Advanced
4.0,Both,0.6545973260074002,69.0,404.99768919539054,0.998,0.9842,1.0,8.0
12.0,Income,0.3164817574107727,81.0,87.98506446656698,0.3049,0.8154,2.0,3.0
29.0,Accumulation,0.3072669603088181,58.0,127.94888073889643,0.9562,0.256,9.0,
39.0,Both,0.4750998058050265,67.0,114.5415034815584,0.5348,0.9039,5.0,5.0
43.0,None / Savings,0.442686018262485,60.0,32.061328490440246,0.2436,0.1537,,
52.0,Accumulation,0.367386318000181,57.0,88.60938857656164,0.9567,0.0668,6.0,6.0
55.0,Accumulation,0.319829433480209,55.0,73.29536125042112,0.9683,0.2088,9.0,
56.0,Both,0.1991281639936334,74.0,178.4065267180299,0.6289,0.9797,,
59.0,Accumulation,0.2209541692340346,51.0,108.743624941662,0.9722,0.2665,,
61.0,None / Savings,0.5770559312384782,37.0,168.71005794563922,0.1891,0.2045,,
64.0,None / Savings,0.2067559649877845,64.0,33.41299751648559,0.2414,0.162,,
70.0,Both,0.5773405207554468,76.0,353.3591949684566,0.9977,0.9978,1.0,1.0
75.0,None / Savings,0.0338010819770629,38.0,3.4845056121752074,0.249,0.2655,,
77.0,None / Savings,0.4864257825213824,33.0,76.75737651527248,0.197,0.1522,,
79.0,Income,0.3820145475082045,52.0,217.08937040305267,0.3223,0.7396,2.0,2.0
88.0,None / Savings,0.55980715015007,52.0,195.51705760493755,0.225,0.2755,,
106.0,Accumulation,0.2996983521608827,43.0,43.91103113946874,0.9636,0.2525,9.0,
107.0,None / Savings,0.3862860493581937,59.0,44.3662845239358,0.1947,0.1613,,
110.0,Both,0.1247832541347454,52.0,309.18641893118087,0.9895,0.8534,,
111.0,Accumulation,0.4881500160079124,41.0,56.26980989250732,0.9709,0.2107,8.0,8.0
112.0,None / Savings,0.5723134140290478,47.0,59.85797608887405,0.1145,0.1859,,
118.0,None / Savings,0.7455956822344997,25.0,41.655649411645285,0.1304,0.033,,
138.0,Income,0.5926571794367034,68.0,176.89672415095785,0.479,0.9814,4.0,4.0
139.0,Income,0.2154890959814171,61.0,111.07578809007998,0.2911,0.6995,10.0,3.0
141.0,Accumulation,0.2558729522172469,55.0,51.574058308802,0.968,0.2294,,
143.0,Accumulation,0.6359042322271274,30.0,33.596907419849266,0.9647,0.1162,1.0,1.0
147.0,Accumulation,0.3925406055044773,43.0,71.2233934658423,0.969,0.2221,6.0,6.0
149.0,Accumulation,0.3647788984378684,38.0,33.79716001648643,0.9797,0.1648,6.0,6.0
168.0,Income,0.6267165433001284,45.0,185.9823167243564,0.1585,0.8038,4.0,4.0
169.0,None / Savings,0.3118076888373047,53.0,52.51276042343442,0.2255,0.2289,,
172.0,Accumulation,0.4198552281183861,33.0,17.111088887949588,0.5527,0.16,5.0,5.0
178.0,Income,0.3861315408322193,57.0,107.0161539205196,0.1941,0.6844,2.0,2.0
199.0,Accumulation,0.3122116918044879,52.0,66.42956374485132,0.9678,0.1857,9.0,
207.0,None / Savings,0.5309765456008725,57.0,51.98807001588982,0.1752,0.1723,,
210.0,None / Savings,0.3769501251991489,54.0,116.53451753195183,0.3305,0.3328,,
213.0,Accumulation,0.2880773725566395,45.0,96.3526245321478,0.9689,0.1646,9.0,
219.0,Income,0.321571986175287,68.0,90.68589604159268,0.2717,0.6472,2.0,2.0
220.0,None / Savings,0.3231449225362882,53.0,71.78792183076528,0.2336,0.1414,,
221.0,Accumulation,0.4036034606134486,46.0,55.07096458893528,0.9636,0.2521,6.0,6.0
239.0,Accumulation,0.3753718272826412,50.0,61.86489214046056,0.9724,0.1629,6.0,6.0
250.0,Income,0.5222226388385369,55.0,171.11518775423153,0.1961,0.9055,4.0,4.0
253.0,None / Savings,0.1672862327973001,59.0,32.38838282277891,0.2081,0.1757,,
259.0,Both,0.4621217537618936,74.0,207.19005369385292,0.5974,0.9965,5.0,5.0
261.0,Accumulation,0.4385799107480375,64.0,90.22117887961564,0.5351,0.2876,5.0,5.0
262.0,Income,0.4900238702199052,34.0,135.1039885956013,0.3418,0.6383,4.0,4.0
296.0,Income,0.4984812658817286,54.0,120.97271244851171,0.1941,0.746,4.0,4.0
300.0,Accumulation,0.3788268385525379,38.0,40.63132291154288,0.9725,0.1558,6.0,6.0
302.0,None / Savings,0.5782942042451594,39.0,3.904644266581525,0.1376,0.2148,,
309.0,Accumulation,0.4104160008355416,63.0,46.18866112134166,0.9589,0.1922,5.0,5.0
310.0,Both,0.5916130935955967,63.0,144.14914762557922,0.5206,0.7982,1.0,8.0
312.0,Accumulation,0.3377500352466316,54.0,121.96819269217583,0.9751,0.2181,9.0,
313.0,None / Savings,0.4823398930725684,53.0,66.60382696854097,0.1997,0.2106,,
321.0,None / Savings,0.40600994621538,41.0,209.27352664468643,0.1898,0.2645,,
330.0,Both,0.4337308899917672,67.0,172.04187277754457,0.6098,0.9757,5.0,5.0
331.0,Accumulation,0.3959806935380391,49.0,97.37497024773194,0.9769,0.1351,6.0,6.0
333.0,None / Savings,0.364196768355,53.0,29.89117471895665,0.2111,0.1297,,
336.0,Accumulation,0.3296125564145946,49.0,62.70356297401143,0.9557,0.2322,9.0,
343.0,None / Savings,0.4811921265726298,57.0,74.8605871907393,0.1316,0.2138,,
349.0,Income,0.3607442434571011,64.0,151.73324021246083,0.4141,0.6932,2.0,2.0
354.0,Accumulation,0.3529645575121523,38.0,33.13313677588732,0.9626,0.2081,9.0,
360.0,Accumulation,0.2929240208914299,46.0,33.96998914111777,0.9815,0.1732,9.0,
365.0,Both,0.4912890492618451,63.0,127.61530566357912,0.6937,0.7307,8.0,8.0
368.0,Accumulation,0.554828212029883,46.0,52.54315892274474,0.9726,0.2559,1.0,1.0
373.0,Accumulation,0.291951923456595,46.0,44.75266726708605,0.9724,0.2633,9.0,
375.0,None / Savings,0.3569695558424551,58.0,92.22333870064222,0.217,0.2889,,
377.0,Accumulation,0.2927889840043182,52.0,62.97420135843023,0.9676,0.189,9.0,
384.0,Both,0.6947006453760822,60.0,262.55805547993225,0.991,0.9132,1.0,8.0
389.0,Accumulation,0.6177940847440409,37.0,118.29050150602568,0.9379,0.0873,1.0,1.0
391.0,None / Savings,0.4492373024520781,46.0,121.78656061086424,0.2836,0.4175,,
393.0,None / Savings,0.1759353220549915,49.0,14.598960089493424,0.0924,0.3294,,
399.0,Accumulation,0.2417164285371399,54.0,32.71677567546024,0.9489,0.1666,,
402.0,Accumulation,0.2476766727667086,59.0,55.1545469454249,0.9523,0.2216,,
404.0,Accumulation,0.424416631101829,46.0,41.062857332467615,0.9584,0.2154,5.0,5.0
419.0,None / Savings,0.3856547247483675,52.0,42.48837106860095,0.3073,0.1407,,
421.0,Accumulation,0.1926349522703619,49.0,21.41593201589922,0.9634,0.3176,,
423.0,Accumulation,0.2732694063047993,55.0,69.25329184508723,0.9478,0.2432,9.0,
426.0,None / Savings,0.4184633917563072,56.0,82.72549364860883,0.17,0.1963,,
427.0,Both,0.6654456700456365,74.0,664.5279826880492,0.9982,0.9956,1.0,8.0
430.0,Accumulation,0.5655097529560241,48.0,59.145013770040336,0.9666,0.2453,1.0,1.0
432.0,Accumulation,0.2315211320451947,50.0,20.37869031717979,0.8029,0.2766,,
441.0,Both,0.5822623892655681,65.0,305.0510977249269,0.9983,0.8208,1.0,8.0
443.0,Accumulation,0.5917858573885174,42.0,38.268309944744175,0.9703,0.2029,1.0,1.0
449.0,Accumulation,0.4127749273461141,52.0,50.69421135408341,0.9685,0.2475,5.0,5.0
452.0,Accumulation,0.2137216599374399,38.0,20.852349903911342,0.891,0.2252,,
460.0,None / Savings,0.152289441712575,65.0,54.717037080932265,0.3128,0.1963,,
461.0,None / Savings,0.4773827405303515,48.0,102.83375302410472,0.1593,0.3699,,
462.0,Both,0.4246720357132715,76.0,199.3350696489229,0.6614,0.9964,5.0,5.0
469.0,Both,0.5593357351764712,62.0,163.3797156308314,0.5168,0.8232,1.0,8.0
471.0,Income,0.3689178702586966,48.0,176.329774279714,0.1391,0.8703,2.0,2.0
477.0,None / Savings,0.3588910922741128,46.0,80.61077952215332,0.1737,0.2214,,
482.0,Income,0.6121941735393847,52.0,176.71237025590543,0.198,0.6264,4.0,4.0
492.0,None / Savings,0.5853552283232468,59.0,96.54462536233284,0.2572,0.2428,,
497.0,None / Savings,0.286265077416407,41.0,12.119907990049478,0.2842,0.2032,,
499.0,Both,0.5272119869271696,63.0,236.1740222101174,0.5846,0.8594,8.0,8.0
502.0,Both,0.4028500652954035,63.0,103.53099357089596,0.5403,0.5353,6.0,6.0
504.0,Accumulation,0.2609601716869302,62.0,39.5390423801811,0.9761,0.1469,,
505.0,None / Savings,0.4724772695414602,56.0,64.60705563747992,0.2776,0.1399,,
508.0,Income,0.1091876850719844,78.0,76.10808719356079,0.1832,0.6682,,
516.0,Accumulation,0.2886763824617044,60.0,118.41582870977638,0.9618,0.2507,9.0,
517.0,Accumulation,0.3117233329559342,65.0,102.6251726297332,0.5523,0.2393,9.0,
518.0,None / Savings,0.4453943362916759,65.0,75.62557295858889,0.3912,0.1744,,
523.0,Both,0.6158302381134594,66.0,92.1745848750379,0.525,0.7121,1.0,8.0
526.0,None / Savings,0.5505897639043255,55.0,94.0956915635966,0.1592,0.2685,,
528.0,None / Savings,0.404558246221939,54.0,100.02592796332112,0.2792,0.3116,,
531.0,Income,0.6035072693067944,59.0,138.49578908939998,0.32,0.6781,4.0,4.0
533.0,Accumulation,0.2798267005291749,45.0,28.18625889801049,0.9779,0.2107,9.0,
544.0,Accumulation,0.1047324240318601,49.0,77.24180726003245,0.9545,0.2407,,
548.0,Accumulation,0.4466169214170229,42.0,20.944327854491856,0.8788,0.1801,5.0,5.0
551.0,Accumulation,0.5026563917952145,51.0,131.388563464698,0.9747,0.2872,8.0,8.0
553.0,Both,0.3701737939911605,69.0,133.56758501569095,0.5937,0.9311,6.0,6.0
559.0,None / Savings,0.3435254311753572,56.0,70.3620264820581,0.2461,0.1428,,
561.0,Accumulation,0.4789795247246751,51.0,59.70444337336791,0.9727,0.1898,5.0,5.0
562.0,None / Savings,0.5530273290795248,51.0,100.05027455112968,0.2319,0.3924,,
564.0,Accumulation,0.4410575232220661,62.0,65.80393280120288,0.9826,0.2289,5.0,5.0
566.0,Accumulation,0.3530812345188209,65.0,69.1089592065905,0.6323,0.2003,9.0,
567.0,None / Savings,0.5041572295509478,49.0,45.05237767314389,0.2115,0.2187,,
569.0,None / Savings,0.1489332337267205,70.0,19.31370436380697,0.0426,0.3438,,
571.0,Both,0.5676814429503468,66.0,302.7727841568328,0.9971,0.9922,1.0,8.0
578.0,Accumulation,0.4581866563556682,48.0,52.29462283829233,0.9536,0.236,5.0,5.0
584.0,Accumulation,0.3306198137851406,37.0,94.95957373758432,0.962,0.146,9.0,
585.0,None / Savings,0.5750026319473016,42.0,15.304192004699225,0.1126,0.1496,,
586.0,None / Savings,0.4374780100199313,47.0,42.138283788455496,0.1968,0.2434,,
592.0,Accumulation,0.1517662750497378,47.0,33.17678084823068,0.9626,0.1906,,
606.0,None / Savings,0.5155249188801474,47.0,40.52204171587785,0.1968,0.234,,
607.0,None / Savings,0.2721758145831224,55.0,72.92699659788939,0.2436,0.1573,,
611.0,Both,0.3192115544531963,73.0,130.72427046852584,0.6808,0.7657,9.0,
643.0,None / Savings,0.4466600482521082,39.0,31.098341954620835,0.2035,0.126,,
644.0,Accumulation,0.3154059261708063,57.0,41.64366449708232,0.9721,0.1715,9.0,
648.0,None / Savings,0.2110199165751466,55.0,40.35280093639568,0.16,0.2093,,
650.0,None / Savings,0.3425705009824431,52.0,58.59571611715133,0.1848,0.2207,,
654.0,Income,0.1553519098100355,75.0,126.7546613694015,0.218,0.9744,10.0,3.0
655.0,None / Savings,0.2733427361671704,51.0,72.09509112900004,0.2017,0.2096,,
656.0,None / Savings,0.2832362489377584,40.0,12.106242027108973,0.3293,0.1992,,
657.0,Accumulation,0.2430656862464389,56.0,45.38690273939858,0.9727,0.1718,,
659.0,Accumulation,0.0515766898125771,49.0,56.65934254742957,0.9459,0.3023,,
662.0,Accumulation,0.4319019670055499,32.0,32.22141445362936,0.9775,0.1403,5.0,5.0
663.0,Accumulation,0.2498948120715189,50.0,43.28147729342318,0.9767,0.2397,,
668.0,Accumulation,0.1952886849835285,47.0,24.503126340863474,0.961,0.2238,,
674.0,Accumulation,0.2250996273076443,62.0,36.9784045767438,0.9602,0.1793,,
677.0,Both,0.4390790526193527,63.0,174.3598221675567,0.6162,0.6968,5.0,5.0
678.0,Income,0.6914786964850628,56.0,102.24103013368806,0.1522,0.5199,4.0,4.0
684.0,None / Savings,0.3882922416264686,50.0,77.1715516951001,0.21,0.2356,,
688.0,Accumulation,0.6378305375930251,62.0,47.11270116457119,0.7377,0.1191,1.0,1.0
689.0,None / Savings,0.584605743036849,44.0,52.06571586545645,0.2097,0.1526,,
691.0,None / Savings,0.3733753680181108,58.0,38.86456904599953,0.1795,0.1886,,
696.0,None / Savings,0.1017228239217637,32.0,3.407463691958146,0.0663,0.068,,
699.0,None / Savings,0.3231012747098313,60.0,34.0729523031007,0.2711,0.1425,,
700.0,Accumulation,0.3209313262718007,46.0,42.01851014000372,0.9686,0.2245,9.0,
701.0,None / Savings,0.0701159390859143,95.0,43.50939557708463,0.0682,0.2742,,
709.0,Accumulation,0.3231777492011789,44.0,56.3509303418138,0.974,0.2895,9.0,
713.0,Income,0.3522032089027545,52.0,106.7275043742268,0.2816,0.61,2.0,2.0
721.0,None / Savings,0.1678454268046124,61.0,30.916154957975877,0.2548,0.1611,,
724.0,None / Savings,0.2332615354413542,42.0,16.661266378560736,0.4249,0.3704,,
726.0,None / Savings,0.3781409791235773,50.0,44.202721937302336,0.2219,0.2373,,
731.0,Income,0.3759126232757986,53.0,112.74924470656424,0.2737,0.7422,2.0,2.0
737.0,None / Savings,0.4636588351432403,46.0,60.926011097730616,0.225,0.141,,
743.0,Accumulation,0.4755970405203658,35.0,26.255633989767684,0.9757,0.2359,5.0,5.0
746.0,None / Savings,0.1839887673758497,55.0,53.57666462683803,0.1515,0.2704,,
747.0,None / Savings,0.1929530654470728,63.0,90.91984106079828,0.389,0.2651,,
749.0,None / Savings,0.3377391143110498,49.0,66.14972529925952,0.283,0.1599,,
764.0,None / Savings,0.3235887144799493,59.0,85.28810884316933,0.2806,0.1667,,
767.0,Accumulation,0.4905210889303528,50.0,68.36767192127873,0.9653,0.108,8.0,8.0
785.0,None / Savings,0.3988773009191139,61.0,54.55684788489845,0.467,0.1363,,
791.0,None / Savings,0.3163724963591739,36.0,51.71499594901376,0.2928,0.2963,,
792.0,Both,0.1092744057099833,77.0,256.0535751717264,0.8066,0.9985,,
800.0,Income,0.1899550253422532,80.0,192.90599377668804,0.3674,0.9944,10.0,3.0
804.0,Accumulation,0.4305287659839828,52.0,66.47282167582192,0.9713,0.2087,5.0,5.0
807.0,None / Savings,0.3271252586360243,61.0,91.04197182525996,0.3635,0.2621,,
809.0,Income,0.5006777370699608,49.0,130.16654597646706,0.1976,0.7822,4.0,4.0
811.0,Accumulation,0.3107143603203686,61.0,62.89358044560947,0.9859,0.1729,9.0,
823.0,None / Savings,0.2559573842565171,56.0,47.597678070776695,0.2253,0.12,,
824.0,Accumulation,0.3313041146606763,41.0,22.530797220542336,0.9633,0.1978,9.0,
825.0,None / Savings,0.5375710835562277,50.0,75.47489057055914,0.1997,0.2014,,
828.0,Income,0.4480110455252135,71.0,110.72839734363504,0.4967,0.9547,4.0,4.0
856.0,None / Savings,0.3690173876639079,31.0,14.894352513549142,0.2851,0.2153,,
868.0,Accumulation,0.3489681890290906,48.0,29.818683153989223,0.96,0.1652,9.0,
876.0,None / Savings,0.3716186357770106,39.0,11.378257512514695,0.1724,0.1948,,
880.0,Income,0.3692216894958,71.0,188.0574358592125,0.4174,0.9786,2.0,2.0
896.0,Income,0.6562682682643614,46.0,130.18281641410385,0.1739,0.8311,4.0,4.0
898.0,Income,0.2649460215241156,67.0,77.77803351843765,0.4131,0.6184,10.0,3.0
902.0,None / Savings,0.2396028562707963,48.0,53.6263957529226,0.1603,0.243,,
905.0,Both,0.4718164663907196,57.0,412.9345834817663,0.9933,0.8423,5.0,5.0
909.0,Accumulation,0.2105846545406694,52.0,58.58342099787981,0.9718,0.1251,,
910.0,None / Savings,0.6118474296439209,43.0,78.71260763386235,0.286,0.2284,,
912.0,None / Savings,0.2726287664684686,75.0,92.29949700532804,0.4831,0.4576,,
931.0,None / Savings,0.4626451767070698,39.0,147.43296346135656,0.2908,0.3226,,
933.0,Both,0.4026588895588132,68.0,100.86900399733764,0.5726,0.8987,6.0,6.0
942.0,Accumulation,0.2397906088507338,57.0,41.95529072921754,0.9663,0.2434,,
944.0,None / Savings,0.3760498673954998,44.0,37.435389588788425,0.215,0.2385,,
950.0,None / Savings,0.2284082653870502,56.0,102.31864845784732,0.2515,0.2825,,
952.0,None / Savings,0.3242324821410871,53.0,66.07349756925481,0.2251,0.1432,,
954.0,None / Savings,0.3418431872652514,53.0,79.39017964831396,0.2568,0.1458,,
963.0,Both,0.3539369398643842,73.0,458.7795895011517,0.9987,0.9963,9.0,
981.0,Accumulation,0.2471403156866619,34.0,33.20616976326532,0.9751,0.3431,,
985.0,Both,0.3206082650693987,70.0,137.76919624012868,0.5665,0.9652,9.0,
989.0,Accumulation,0.602814016753026,41.0,20.91401353537442,0.8479,0.2043,1.0,1.0
995.0,Both,0.4542508371920334,70.0,153.4704371724901,0.6146,0.9825,5.0,5.0
1013.0,None / Savings,0.4868078219136115,27.0,3.823345150403013,0.0749,0.0175,,
1019.0,None / Savings,0.5516615258771242,57.0,44.28965111191279,0.1591,0.1229,,
1027.0,Both,0.8409881329212724,96.0,2233.228432701054,0.9934,0.9892,7.0,1.0
1034.0,Income,0.4074052450883637,76.0,228.6878843741285,0.4336,0.9976,2.0,3.0
1048.0,Both,0.3980106780415349,70.0,198.81457865569595,0.6256,0.9958,6.0,6.0
1054.0,Accumulation,0.1502418331296215,62.0,72.85537018430206,0.9453,0.2015,,
1056.0,Accumulation,0.785446036976999,46.0,50.91159400932631,0.9584,0.1897,7.0,7.0
1057.0,None / Savings,0.2024278330648968,60.0,19.47627751502285,0.1161,0.1437,,
1063.0,None / Savings,0.0981605415187789,62.0,38.00160097331342,0.2087,0.2751,,
1070.0,None / Savings,0.2967811497287982,75.0,39.48186211523129,0.2304,0.228,,
1071.0,Both,0.1292094999098193,87.0,505.7799114851597,0.9885,0.9944,,
1072.0,Accumulation,0.2816926669938395,45.0,34.78034584451783,0.9653,0.1775,9.0,
1074.0,Accumulation,0.2349174482634349,52.0,32.51501144565684,0.9474,0.1688,,
1079.0,None / Savings,0.6582776214868244,60.0,119.9094499300668,0.216,0.3775,,
1080.0,Income,0.2497637698600136,71.0,176.39439193351188,0.2925,0.9854,10.0,3.0
1081.0,Both,0.5820692595076324,63.0,340.2722160391419,0.9977,0.6582,1.0,8.0
1086.0,Accumulation,0.3065142555882572,58.0,65.17071404587603,0.9597,0.2072,9.0,
1092.0,Accumulation,0.4651593791553507,64.0,93.99005909172944,0.981,0.1813,5.0,5.0
1100.0,None / Savings,0.6072911699175282,38.0,87.21738626476437,0.2473,0.2221,,
1102.0,Income,0.6769992708663617,46.0,173.605592375399,0.1468,0.8595,4.0,4.0
1103.0,Both,0.2417529299020441,78.0,315.5836007304405,0.9912,0.9921,,
1104.0,None / Savings,0.4252106372939657,40.0,17.41282149698903,0.4957,0.1976,,
1106.0,Accumulation,0.4144656439328631,62.0,131.4093011853811,0.989,0.226,5.0,5.0
1109.0,Accumulation,0.301893159340148,43.0,92.37069127762696,0.9616,0.1286,9.0,
1114.0,None / Savings,0.2465260995712119,58.0,129.5577532275222,0.3398,0.3078,,
1120.0,Accumulation,0.3274048804432621,54.0,60.57939041654634,0.964,0.1787,9.0,
1127.0,Income,0.2797040489952726,61.0,102.8809810248866,0.237,0.6058,10.0,3.0
1130.0,Accumulation,0.558803913190882,47.0,44.75719681465659,0.9646,0.2029,1.0,1.0
1146.0,None / Savings,0.113864129959019,55.0,38.782457360704086,0.1611,0.2504,,
1148.0,Both,0.6826678547557586,72.0,251.08064353091456,0.9266,0.9892,1.0,8.0
1151.0,None / Savings,0.5586292576545877,37.0,16.221018678386766,0.4278,0.1784,,
1166.0,Income,0.5236920914387287,48.0,205.0359850450886,0.1424,0.8374,4.0,4.0
1167.0,None / Savings,0.3469165264907635,60.0,96.27850977830307,0.2256,0.3424,,
1183.0,Both,0.5263461548082864,66.0,85.3477224421839,0.6244,0.5489,8.0,8.0
1184.0,Both,0.428946434478626,62.0,155.78931965839365,0.6521,0.6815,5.0,5.0
1194.0,Accumulation,0.3120807290133887,35.0,63.79526327603821,0.9201,0.1549,9.0,
1214.0,Accumulation,0.5263171462851584,39.0,45.91050351718347,0.961,0.1762,8.0,8.0
1222.0,Income,0.4758057998578618,69.0,163.1768119058524,0.3221,0.979,4.0,4.0
1225.0,Accumulation,0.2797410957784488,61.0,65.85567583104445,0.9843,0.2194,9.0,
1226.0,None / Savings,0.2278302990716177,65.0,20.903254017068,0.1012,0.3071,,
1227.0,None / Savings,0.3908692437217786,60.0,85.90670485527548,0.3081,0.2391,,
1228.0,None / Savings,0.306347709130719,54.0,54.06592546486741,0.1797,0.1524,,
1236.0,Accumulation,0.3647925461923124,46.0,29.212321805628928,0.9674,0.2741,6.0,6.0
1238.0,None / Savings,0.4880593158328439,52.0,46.80549231281508,0.2255,0.2266,,
1241.0,None / Savings,0.6023570814412307,74.0,12.791289198387943,0.0227,0.1368,,
1242.0,None / Savings,0.3964174627671378,36.0,40.15180264289347,0.1688,0.1716,,
1244.0,Accumulation,0.223451027799257,56.0,62.97536297074515,0.9695,0.1893,,
1247.0,Income,0.428419127971844,65.0,109.74250583009042,0.4861,0.6348,2.0,2.0
1251.0,Accumulation,0.4978760535328021,63.0,6.88164146168222,0.5092,0.0935,8.0,8.0
1252.0,Income,0.2877152243938989,73.0,121.90570849562432,0.3795,0.9365,10.0,3.0
1253.0,None / Savings,0.3272696698578139,61.0,78.05276931241528,0.2368,0.2137,,
1258.0,None / Savings,0.2525660889612745,58.0,43.962501214059365,0.2315,0.1469,,
1265.0,None / Savings,0.4422238355559931,61.0,98.22437158140455,0.4919,0.2257,,
1269.0,Accumulation,0.2686073560311925,49.0,31.104458670938477,0.9699,0.2526,,
1272.0,Accumulation,0.4546120915517539,50.0,70.37266830063382,0.9683,0.198,5.0,5.0
1281.0,Income,0.235027781326924,56.0,126.98946392123536,0.2751,0.6873,10.0,3.0
1283.0,None / Savings,0.2203262747345571,46.0,56.84396845690245,0.1888,0.2447,,
1291.0,None / Savings,0.3473716704887001,54.0,67.21611721110801,0.197,0.1886,,
1293.0,Income,0.1283993327248781,81.0,156.82533056680006,0.2721,0.9866,3.0,3.0
1296.0,None / Savings,0.5277653245200298,43.0,83.5346893511776,0.2595,0.1628,,
1297.0,Accumulation,0.2817853813759317,62.0,47.26564528229355,0.5287,0.1299,9.0,
1299.0,None / Savings,0.4263440890449286,39.0,12.108867790053928,0.1877,0.2194,,
1306.0,None / Savings,0.3769639349570694,51.0,164.75858992285166,0.2311,0.3301,,
1309.0,Both,0.3333420815187924,68.0,119.3116989703465,0.5555,0.9272,9.0,
1319.0,None / Savings,0.2679677124109836,54.0,15.733640552853297,0.2029,0.2941,,
1343.0,None / Savings,0.3478141070489236,56.0,75.63040110892625,0.2318,0.1988,,
1345.0,None / Savings,0.3257408738004511,43.0,215.46737863852928,0.3257,0.3674,,
1347.0,Accumulation,0.451679183540544,63.0,110.6417806228758,0.642,0.288,5.0,5.0
1353.0,None / Savings,0.2408522884460177,55.0,26.086132072525857,0.1976,0.2054,,
1359.0,Accumulation,0.6462393807394278,64.0,122.0364115302484,0.9761,0.215,1.0,1.0
1385.0,Both,0.3568665898039115,61.0,182.9990303887808,0.5969,0.6238,9.0,
1386.0,Accumulation,0.4411349994594289,47.0,107.55322070686076,0.9743,0.1559,5.0,5.0
1395.0,Accumulation,0.3845776563579668,63.0,112.85964857076804,0.6481,0.2939,6.0,6.0
1399.0,Accumulation,0.3467735112378758,54.0,71.03564593565804,0.9475,0.2399,9.0,
1404.0,Income,0.1169262271696681,75.0,96.72413611460836,0.2656,0.7911,,
1409.0,Income,0.5436565261144156,59.0,239.6068495540054,0.3158,0.8589,4.0,4.0
1416.0,Both,0.3592493085860542,67.0,195.87473202944815,0.5973,0.9877,9.0,
1417.0,None / Savings,0.2660484924980865,57.0,68.6567490386325,0.2347,0.2011,,
1421.0,Income,0.3157732875610261,64.0,103.99953761318736,0.2809,0.5796,2.0,2.0
1422.0,Accumulation,0.2998228059718293,40.0,34.28123521988352,0.9709,0.3291,9.0,
1433.0,Accumulation,0.4765549461718783,39.0,26.105460670539536,0.9692,0.163,5.0,5.0
1437.0,None / Savings,0.3271655884579186,41.0,35.627959268089306,0.3099,0.2047,,
1458.0,Accumulation,0.2096614406494057,52.0,50.72795879106139,0.9637,0.2672,,
1463.0,Income,0.5010309983161791,47.0,198.37737734916564,0.2439,0.8622,4.0,4.0
1464.0,Accumulation,0.2971832987970341,37.0,22.436652890487224,0.9646,0.1733,9.0,
1468.0,Accumulation,0.3926377725583549,48.0,31.4316075449694,0.9679,0.1741,6.0,6.0
1471.0,None / Savings,0.4761871621715044,43.0,101.69528219166308,0.2621,0.4032,,
1472.0,None / Savings,0.2757681721490372,55.0,61.160377498027,0.3368,0.3111,,
1480.0,Accumulation,0.1753651929858396,37.0,24.435622876371376,0.9653,0.1523,,
1481.0,None / Savings,0.520648395482791,49.0,26.259779932871595,0.1927,0.2039,,
1496.0,Accumulation,0.3211105704423749,41.0,39.33713210583174,0.976,0.1969,9.0,
1501.0,None / Savings,0.4404281924183039,43.0,75.49177224537864,0.2219,0.1438,,
1507.0,Accumulation,0.457747401427379,60.0,108.22766456172666,0.9516,0.2767,5.0,5.0
1512.0,None / Savings,0.4074175798304019,49.0,93.22164567520636,0.1452,0.43,,
1515.0,Accumulation,0.4989648978568572,63.0,134.25008872693874,0.6584,0.3666,8.0,8.0
1518.0,None / Savings,0.5554267539107663,46.0,44.3954767849224,0.1601,0.2308,,
1519.0,Accumulation,0.2650234101765379,65.0,58.68861894720776,0.5153,0.1463,,
1522.0,None / Savings,0.3248233292748552,41.0,92.94612562639838,0.1853,0.3065,,
1526.0,None / Savings,0.5954350426673866,49.0,99.20490637751274,0.1949,0.2377,,
1530.0,None / Savings,0.5601981291136876,57.0,86.5576963079625,0.2549,0.1431,,
1540.0,None / Savings,0.3386220560150165,60.0,70.43012759667423,0.2472,0.2004,,
1545.0,None / Savings,0.3159560546718969,59.0,89.97102620172576,0.2728,0.2252,,
1558.0,None / Savings,0.2893366316783798,37.0,16.943577118405873,0.2771,0.1766,,
1561.0,Both,0.6532683107979383,66.0,161.27038189345473,0.5634,0.9651,1.0,8.0
1570.0,Accumulation,0.4090418322382887,51.0,52.62260691936348,0.9752,0.2246,6.0,6.0
1572.0,Accumulation,0.4966509924301745,64.0,77.5608440452223,0.524,0.2441,8.0,8.0
1576.0,None / Savings,0.3455125276055885,59.0,98.54946349960744,0.2785,0.2786,,
1581.0,Income,0.6137516625248955,58.0,213.16237323546443,0.2142,0.6891,4.0,4.0
1582.0,Accumulation,0.5141453539084492,35.0,43.79763145784123,0.9638,0.1297,8.0,8.0
1584.0,Both,0.4840873706466856,66.0,119.19731584871415,0.6325,0.6431,8.0,8.0
1588.0,Accumulation,0.2000019561560909,44.0,24.876137345931483,0.9703,0.1701,,
1590.0,None / Savings,0.1722695360352134,39.0,219.11522106605557,0.1314,0.2988,,
1595.0,Accumulation,0.2445222715542445,51.0,58.1325764518736,0.9656,0.2785,,
1601.0,None / Savings,0.1845247774030429,25.0,3.65470062857171,0.0267,0.017,,
1613.0,Accumulation,0.2516970717669592,59.0,76.62320045924307,0.9548,0.1407,,
1617.0,None / Savings,0.2473283607855688,36.0,14.126389614375409,0.2373,0.201,,
1622.0,None / Savings,0.3366740369070997,31.0,7.467480992661879,0.245,0.1529,,
1630.0,Both,0.6081760042495031,64.0,140.32127523310444,0.5205,0.8538,1.0,8.0
1633.0,Accumulation,0.5403834856904858,46.0,63.78839217047834,0.9673,0.1747,8.0,8.0
1634.0,Accumulation,0.1866123852381774,47.0,28.43807503730528,0.9668,0.3422,,
1636.0,Accumulation,0.3938960574173528,41.0,30.31899550304601,0.9789,0.1884,6.0,6.0
1649.0,Income,0.6326468643097629,56.0,215.76013712033344,0.3175,0.6299,4.0,4.0
1653.0,Accumulation,0.228923525105799,50.0,33.47553766793315,0.9645,0.2079,,
1654.0,None / Savings,0.4301020066724387,65.0,98.93823894056834,0.2821,0.3158,,
1658.0,Accumulation,0.5649711966934496,41.0,27.994586499464518,0.9749,0.1395,1.0,1.0
1661.0,Income,0.3925166091659776,71.0,191.94416868316893,0.4245,0.9459,2.0,2.0
1667.0,Income,0.1996310865657348,53.0,148.5642241958476,0.2096,0.843,10.0,3.0
1678.0,None / Savings,0.1710638978767657,55.0,18.688567947407435,0.3844,0.2894,,
1682.0,None / Savings,0.5748316322081647,37.0,96.86722196806818,0.1403,0.2439,,
1685.0,None / Savings,0.1986492986159047,50.0,40.28081188030261,0.2112,0.1472,,
1693.0,Both,0.2212281439297439,88.0,535.7701307632365,0.9961,0.9987,,
1700.0,Income,0.4700727980188032,78.0,181.6523674419346,0.405,0.9895,4.0,4.0
1709.0,Income,0.3617466946800257,66.0,143.42036178040786,0.315,0.9591,2.0,2.0
1714.0,None / Savings,0.4479848798318042,41.0,75.29584149828182,0.2257,0.2132,,
1715.0,None / Savings,0.1044927730625533,47.0,9.871635360343925,0.0838,0.1215,,
1716.0,None / Savings,0.1171423233420116,80.0,31.27413577543986,0.1095,0.4481,,
1722.0,Accumulation,0.5019999329976024,55.0,58.37105545279984,0.9689,0.2474,8.0,8.0
1723.0,None / Savings,0.4645457978531578,56.0,65.40906743953016,0.133,0.1766,,
1725.0,Accumulation,0.4312388308755445,61.0,109.93480407588704,0.9879,0.1874,5.0,5.0
1729.0,None / Savings,0.3661552356288421,37.0,11.699387291537032,0.227,0.2029,,
1731.0,Both,0.2777931347294733,72.0,100.60542584137887,0.5315,0.8762,9.0,
1739.0,None / Savings,0.2082751595896344,56.0,22.615197520860008,0.2112,0.2097,,
1740.0,Both,0.3748817264075259,72.0,292.3879588679622,0.9926,0.9895,6.0,6.0
1744.0,None / Savings,0.3261137112586828,61.0,47.85156258958671,0.2197,0.1721,,
1761.0,Both,0.6744296867590307,79.0,419.4055368415006,0.9966,0.992,1.0,1.0
1766.0,None / Savings,0.4919205016701672,62.0,73.07482472853847,0.411,0.1936,,
1768.0,Income,0.5510139689306398,53.0,159.39703468815657,0.1862,0.8511,4.0,4.0
1777.0,None / Savings,0.1895460754584726,79.0,6.371918827121226,0.0103,0.3204,,
1779.0,None / Savings,0.1934384097364336,57.0,58.90619188354476,0.2342,0.1836,,
1780.0,None / Savings,0.4488335796388488,58.0,49.10269403844549,0.2861,0.1827,,
1782.0,Accumulation,0.147244976714024,39.0,21.00340863763812,0.8557,0.393,,
1783.0,Accumulation,0.4655297600583831,44.0,24.37467849578261,0.9714,0.1591,5.0,5.0
1785.0,Accumulation,0.3685145599161045,51.0,53.77292297036347,0.962,0.2372,6.0,6.0
1795.0,Accumulation,0.2795852767367782,53.0,74.21303399438762,0.966,0.1892,9.0,
1805.0,None / Savings,0.4957397184437758,54.0,78.76399940546506,0.1354,0.3781,,
1809.0,Both,0.4967325074924388,72.0,434.4099683314118,0.9979,0.9912,8.0,8.0
1814.0,Accumulation,0.2298291635062216,39.0,54.51202021325916,0.9633,0.216,,
1818.0,Accumulation,0.3059014585858225,63.0,39.74050695362696,0.9801,0.1353,9.0,
1823.0,None / Savings,0.3669246255455758,53.0,65.0642793969961,0.2441,0.1519,,
1825.0,Accumulation,0.2772248804213966,40.0,32.44227871034874,0.9767,0.1947,9.0,
1828.0,Accumulation,0.4231012850067251,64.0,145.1283408475697,0.9538,0.3117,5.0,5.0
1830.0,Both,0.5112931274604842,51.0,540.5212164346473,0.993,0.9101,8.0,8.0
1831.0,None / Savings,0.5768806790592769,68.0,41.410185490392486,0.4881,0.2447,,
1834.0,Accumulation,0.3203173930339381,46.0,36.9882203869556,0.9728,0.2298,9.0,
1836.0,Both,0.2737726602509211,63.0,106.752442641237,0.5432,0.5939,9.0,
1839.0,None / Savings,0.0871574394590273,78.0,19.59634051145281,0.0947,0.4653,,
1842.0,None / Savings,0.1454620281551068,69.0,63.33075620189308,0.33,0.341,,
1853.0,None / Savings,0.3536819229345259,45.0,49.8899436852217,0.2067,0.2546,,
1854.0,Income,0.4069808045561613,69.0,128.96747948897396,0.2919,0.9603,2.0,2.0
1861.0,Both,0.5390363295596488,66.0,223.04212401616752,0.6954,0.9917,8.0,8.0
1870.0,Income,0.1776834600325799,64.0,132.75104443424567,0.2261,0.8605,10.0,3.0
1876.0,Accumulation,0.4446720093931128,38.0,33.23888484222216,0.9804,0.168,5.0,5.0
1886.0,None / Savings,0.093235632876153,66.0,1.5411152735539533,0.0012,0.0167,,
1894.0,None / Savings,0.4877883136989079,63.0,35.647210341389545,0.4841,0.1198,,
1898.0,None / Savings,0.3342897503542109,48.0,45.72486343879691,0.2456,0.1942,,
1902.0,None / Savings,0.1510996663505048,68.0,27.306378630676083,0.2479,0.3074,,
1904.0,None / Savings,0.3537130511787051,51.0,78.13416684804402,0.2412,0.2772,,
1905.0,None / Savings,0.3583184631006813,59.0,82.82215860322484,0.2125,0.2355,,
1913.0,Accumulation,0.2432473040720607,47.0,36.25507856664214,0.9715,0.1619,,
1926.0,None / Savings,0.2137370311681815,70.0,42.66517751652804,0.2384,0.2269,,
1928.0,Income,0.705013821322183,59.0,113.58537635375758,0.1314,0.5238,4.0,4.0
1939.0,None / Savings,0.3016110882485658,38.0,19.785475067623864,0.4223,0.1502,,
1942.0,Accumulation,0.5017634549717572,51.0,77.70080610577101,0.97,0.1599,8.0,8.0
1950.0,Accumulation,0.3651704411070808,37.0,22.32087522666942,0.972,0.1799,6.0,6.0
1954.0,None / Savings,0.4713551908051521,43.0,73.44230492030687,0.1257,0.1896,,
1964.0,None / Savings,0.4048685078143918,51.0,59.18191486577359,0.1713,0.1977,,
1967.0,Both,0.3558387127693271,73.0,283.2043417095318,0.9971,0.9945,9.0,
1970.0,Accumulation,0.5734308536625847,36.0,52.7271296099216,0.9521,0.224,1.0,1.0
1982.0,Income,0.1080950639146588,59.0,151.64599952800813,0.1553,0.9068,,
1985.0,None / Savings,0.1112495245194827,46.0,11.536953108703418,0.2116,0.4494,,
2001.0,Income,0.6337088494277678,59.0,146.22671271484094,0.2072,0.8848,4.0,4.0
2009.0,None / Savings,0.4853992709962881,48.0,49.99124378898131,0.1667,0.2183,,
2010.0,None / Savings,0.1650339741772397,65.0,95.1962527667261,0.3166,0.3386,,
2011.0,None / Savings,0.3002791752537309,58.0,51.41793205130952,0.1601,0.1811,,
2013.0,Accumulation,0.4028513590947831,45.0,52.98863060248539,0.9756,0.2904,6.0,6.0
2019.0,Accumulation,0.3478190729632391,54.0,57.429701330387786,0.9665,0.2237,9.0,
2022.0,Accumulation,0.6955932851161724,63.0,64.00130917527893,0.6105,0.3336,1.0,1.0
2024.0,Accumulation,0.4238026829488655,54.0,74.89268411403411,0.9616,0.203,5.0,5.0
2028.0,Accumulation,0.1992189951265299,54.0,48.609559767444885,0.9672,0.2684,,
2030.0,Both,0.3956014659219432,68.0,173.86898322739643,0.543,0.9769,6.0,6.0
2031.0,Income,0.271108475381118,70.0,87.25198092873217,0.4958,0.6629,10.0,3.0
2034.0,None / Savings,0.1995996942981899,60.0,83.44158888784877,0.1878,0.248,,
2036.0,Both,0.278543090113834,79.0,329.9839696658997,0.9981,0.9869,9.0,
2044.0,Both,0.1977054903709814,76.0,173.36500408230458,0.6578,0.9843,,
2052.0,Accumulation,0.1652711065849882,42.0,32.223822930893,0.9587,0.3768,,
2063.0,None / Savings,0.2007728011791604,61.0,68.9872247588117,0.4996,0.2992,,
2079.0,Accumulation,0.5188967868170891,41.0,22.31761661927412,0.9695,0.2058,8.0,8.0
2081.0,Income,0.450278453175206,32.0,136.98600200122243,0.3597,0.7739,4.0,4.0
2082.0,Both,0.5431056590173536,72.0,277.48198032419566,0.9973,0.9947,8.0,8.0
2083.0,Accumulation,0.2013847808560806,53.0,40.31360247715745,0.9569,0.2406,,
2096.0,None / Savings,0.195596598793195,61.0,63.664573929665465,0.2133,0.206,,
2098.0,Income,0.3215300710497041,52.0,183.34269316633964,0.1681,0.873,2.0,2.0
2100.0,Income,0.1938069725840422,56.0,226.10434627515107,0.231,0.6892,10.0,3.0
2104.0,Accumulation,0.1034063030073665,51.0,71.11359296614692,0.9601,0.1761,,
2109.0,Accumulation,0.4073052523517073,46.0,83.86088153702633,0.8955,0.2321,6.0,6.0
2119.0,Accumulation,0.4848419656588545,36.0,18.482085589476817,0.5684,0.1469,8.0,8.0
2121.0,None / Savings,0.5406194224327284,39.0,32.51066313280987,0.3342,0.175,,
2128.0,None / Savings,0.688613772565751,57.0,31.088269469818187,0.1999,0.0778,,
2132.0,None / Savings,0.3387014892335133,64.0,78.54882754093222,0.2369,0.2317,,
2136.0,None / Savings,0.281445433056994,61.0,68.25357078510902,0.4667,0.2132,,
2144.0,None / Savings,0.1456059688439085,57.0,49.495472687244494,0.1595,0.221,,
2146.0,None / Savings,0.3578994142029985,45.0,33.526444560187805,0.3127,0.1495,,
2149.0,None / Savings,0.5021612642254585,65.0,109.45758115509923,0.4237,0.1459,,
2152.0,None / Savings,0.1932947715312696,37.0,11.028174601579444,0.3142,0.1664,,
2153.0,Accumulation,0.551338688770875,58.0,159.57521531575668,0.9597,0.263,1.0,1.0
2154.0,Accumulation,0.5171443096739253,62.0,125.81864273268975,0.6353,0.3689,8.0,8.0
2155.0,None / Savings,0.2105586858164575,61.0,89.80540022488069,0.4319,0.2441,,
2156.0,None / Savings,0.4663842609106534,49.0,80.13067704892816,0.2955,0.2375,,
2161.0,None / Savings,0.2805317742287498,40.0,31.56708841802846,0.1903,0.168,,
2162.0,Income,0.5532644905543401,66.0,94.37893570364504,0.4616,0.719,4.0,4.0
2169.0,None / Savings,0.3740515669141426,40.0,72.2995415193005,0.1674,0.1865,,
2170.0,None / Savings,0.4168093655774109,45.0,13.973930425644715,0.1764,0.2722,,
2175.0,None / Savings,0.4851212225860772,57.0,21.51361087825105,0.1945,0.1895,,
2176.0,None / Savings,0.3646438841686705,45.0,47.04720427578376,0.1129,0.2192,,
2178.0,Accumulation,0.2860058056748394,59.0,74.66827346963575,0.5399,0.1821,9.0,
2188.0,None / Savings,0.2600048431498306,57.0,78.32490101771057,0.2327,0.207,,
2190.0,None / Savings,0.1283997562048542,49.0,14.961430299796602,0.2541,0.2844,,
2200.0,Both,0.4403333031464925,76.0,102.70251190278854,0.5743,0.9344,5.0,5.0
2217.0,Accumulation,0.3678096430531348,63.0,78.6503228991301,0.53,0.1825,6.0,6.0
2218.0,None / Savings,0.2959780123192768,44.0,23.585501350178628,0.2374,0.171,,
2225.0,None / Savings,0.2704502160462493,59.0,97.30211289148924,0.2187,0.2701,,
2227.0,None / Savings,0.3322182851515237,27.0,22.97968590914852,0.3424,0.235,,
2240.0,Income,0.4068511993926565,41.0,112.63992849767664,0.1625,0.6698,2.0,2.0
2242.0,Accumulation,0.5590425058569963,44.0,127.90430127450536,0.5013,0.3265,1.0,1.0
2256.0,Accumulation,0.3637318941949776,54.0,20.89128496579198,0.8641,0.2275,6.0,6.0
2257.0,Accumulation,0.3453655854982113,59.0,102.76921370661924,0.9519,0.2341,9.0,
2265.0,Income,0.3794808616408198,58.0,108.85328648259704,0.2674,0.6072,2.0,2.0
2267.0,Both,0.4197638711928914,70.0,390.42686779140536,0.9984,0.9788,5.0,5.0
2269.0,Accumulation,0.3982657162218129,57.0,52.06442976090864,0.9562,0.2057,6.0,6.0
2278.0,None / Savings,0.2721509507077921,59.0,38.08412997387496,0.1978,0.1324,,
2285.0,None / Savings,0.3038011211495247,55.0,80.14782159224532,0.2204,0.2294,,
2291.0,Both,0.4270076948760936,74.0,322.09990995049543,0.997,0.9881,5.0,5.0
2294.0,None / Savings,0.4973089869390092,48.0,35.07255603382394,0.2944,0.1345,,
2298.0,None / Savings,0.251411338846852,50.0,22.598246404313816,0.2339,0.2269,,
2306.0,Both,0.4881250938600894,61.0,220.64750305644267,0.6158,0.8513,8.0,8.0
2318.0,None / Savings,0.477201322057427,56.0,42.81530040531288,0.1601,0.1842,,
2330.0,Income,0.3241145550975149,51.0,134.3694863663223,0.238,0.8494,2.0,2.0
2331.0,None / Savings,0.1840770269751335,62.0,62.6103509893482,0.1718,0.1955,,
2332.0,None / Savings,0.2437843839357245,46.0,45.33779765922156,0.2129,0.2715,,
2333.0,Accumulation,0.3175788203253483,45.0,21.385300306679127,0.969,0.2299,9.0,
2336.0,None / Savings,0.2468870717497059,59.0,73.29927831882547,0.1794,0.2116,,
2342.0,None / Savings,0.2090778388968715,61.0,60.48172253657131,0.3851,0.1912,,
2346.0,Accumulation,0.5409707561431084,55.0,49.894039658856805,0.9726,0.2176,8.0,8.0
2347.0,Income,0.2532304702585872,57.0,137.90350557276588,0.2497,0.7194,10.0,3.0
2350.0,Both,0.3851148744756912,77.0,119.09235324423275,0.5321,0.8311,6.0,
2356.0,Accumulation,0.3107370756053061,49.0,58.49662127621795,0.9661,0.2872,9.0,
2361.0,None / Savings,0.5803512140983528,30.0,9.964974211935596,0.2387,0.1562,,
2370.0,Accumulation,0.4565294806143966,47.0,41.8350348549514,0.9589,0.2144,5.0,5.0
2382.0,Both,0.6033904453771524,62.0,219.2754037253445,0.6941,0.5691,1.0,8.0
2384.0,None / Savings,0.4853030917394014,47.0,92.13420554946606,0.3236,0.2491,,
2385.0,Accumulation,0.4164240810695063,59.0,88.98924906266927,0.9338,0.0881,5.0,5.0
2387.0,Both,0.484784881255644,74.0,113.44366983106548,0.6497,0.7222,8.0,8.0
2391.0,None / Savings,0.4035418523573977,47.0,21.146979663013948,0.2641,0.2822,,
2401.0,None / Savings,0.2703187732735124,63.0,70.39973875616703,0.2968,0.2193,,
2413.0,None / Savings,0.2572687865364405,68.0,51.99382823838072,0.4149,0.2898,,
2414.0,Accumulation,0.3018819664126519,49.0,45.27743251204932,0.9776,0.2848,9.0,
2417.0,Income,0.3452134152110821,43.0,125.7384380465674,0.2065,0.8239,2.0,2.0
2418.0,Accumulation,0.3983067469565787,22.0,29.27171001504708,0.941,0.0822,6.0,6.0
2419.0,Accumulation,0.3932626650048252,61.0,28.15151484133577,0.9622,0.1252,6.0,6.0
2424.0,None / Savings,0.3230565003661949,60.0,88.62685188547393,0.2337,0.255,,
2438.0,Both,0.5919445060200128,82.0,132.69704295611734,0.5796,0.8952,1.0,1.0
2442.0,Income,0.6719334113647148,66.0,227.9737455185669,0.485,0.8,4.0,4.0
2444.0,Income,0.5964579393611228,58.0,119.65130884893811,0.1591,0.7896,4.0,4.0
2445.0,Both,0.5706384037125897,68.0,269.1565422341064,0.9972,0.9827,1.0,8.0
2449.0,Both,0.5928302625885994,79.0,328.38283040919475,0.9992,0.9984,1.0,1.0
2453.0,None / Savings,0.4082736160300967,39.0,52.12314661783636,0.1731,0.1301,,
2464.0,None / Savings,0.4958889244657228,59.0,46.41058437506768,0.1203,0.1539,,
2465.0,None / Savings,0.1861250519974751,50.0,18.46757822608692,0.3552,0.2656,,
2466.0,None / Savings,0.490563612432961,60.0,137.61742847897463,0.3447,0.3122,,
2467.0,None / Savings,0.4443322314204877,58.0,60.483558388325086,0.173,0.1796,,
2469.0,Income,0.5355181998485687,55.0,126.90059769063296,0.2345,0.7938,4.0,4.0
2473.0,None / Savings,0.5315530361299429,54.0,75.15382429890379,0.1832,0.1889,,
2476.0,None / Savings,0.2833629224986451,55.0,36.88059076766051,0.2487,0.2057,,
2484.0,Accumulation,0.4182399672890426,46.0,37.29993359713664,0.9439,0.2168,5.0,5.0
2489.0,Income,0.4351215730829275,64.0,119.08292111038294,0.3205,0.7617,2.0,2.0
2490.0,Both,0.7436777989955959,63.0,364.1526056104608,0.9982,0.6182,1.0,8.0
2510.0,Accumulation,0.1924749859960738,60.0,24.67755336825676,0.9213,0.2172,,
2524.0,Income,0.1777737381589977,64.0,226.61213015138048,0.4921,0.7176,10.0,3.0
2529.0,None / Savings,0.3898484378068222,52.0,61.97443047080864,0.2006,0.2004,,
2535.0,None / Savings,0.2523340023578241,69.0,53.38276457953237,0.2984,0.3272,,
2536.0,None / Savings,0.4460446456023466,78.0,61.77774901410356,0.3887,0.3006,,
2544.0,None / Savings,0.1985809106463379,64.0,51.39517230738233,0.3579,0.1772,,
2550.0,Accumulation,0.3177515674281528,60.0,57.64776087340905,0.9569,0.2408,9.0,
2559.0,Accumulation,0.4279315788196821,31.0,24.53737196488241,0.9685,0.1362,5.0,5.0
2564.0,None / Savings,0.1637719690033492,48.0,16.640203329972223,0.1924,0.3011,,
2570.0,None / Savings,0.120180646094539,47.0,15.036215683905056,0.1573,0.2881,,
2572.0,None / Savings,0.4787302550174897,48.0,58.94319242129215,0.205,0.2203,,
2573.0,None / Savings,0.7025515903562566,34.0,48.49361223282604,0.1976,0.1713,,
2575.0,Accumulation,0.3055683362706611,62.0,90.89171730900333,0.9673,0.1505,9.0,
2576.0,Both,0.7223986643572659,48.0,327.5460691683662,0.9884,0.7671,1.0,8.0
2580.0,None / Savings,0.5489386436305934,27.0,16.0899383790996,0.3835,0.21,,
2583.0,None / Savings,0.3902812254640583,44.0,45.861832611577015,0.2124,0.2259,,
2584.0,Accumulation,0.2850441795609864,46.0,19.841950439642726,0.8417,0.2241,9.0,
2596.0,Income,0.4253375768418384,57.0,115.1000463794474,0.1947,0.7427,2.0,2.0
2604.0,Both,0.6743782354597743,38.0,269.1114855350276,0.9912,0.808,1.0,8.0
2605.0,Accumulation,0.2365729415450327,45.0,19.92821288922784,0.8172,0.2555,,
2608.0,Accumulation,0.3541707195376454,55.0,46.241042852806686,0.9731,0.1925,9.0,
2618.0,None / Savings,0.291861686531504,58.0,97.00789316877508,0.2309,0.4147,,
2619.0,None / Savings,0.3127688589129296,62.0,79.68933519566048,0.3259,0.1873,,
2620.0,None / Savings,0.4009968064474931,53.0,85.64828594648152,0.2349,0.211,,
2626.0,None / Savings,0.17864695201509,60.0,96.36372367177736,0.1571,0.3742,,
2630.0,Both,0.3790296163225775,68.0,144.01133058005763,0.5254,0.974,6.0,6.0
2631.0,Both,0.5215752272545722,63.0,205.24552385423408,0.6395,0.8997,8.0,8.0
2635.0,None / Savings,0.5475687252660437,31.0,77.45608056547808,0.221,0.1215,,
2643.0,None / Savings,0.3782354091513844,51.0,95.55748965477451,0.2104,0.2273,,
2654.0,None / Savings,0.3887384453700538,56.0,60.22711951104856,0.2102,0.191,,
2656.0,None / Savings,0.2919679855361958,43.0,14.021806048085528,0.3384,0.2132,,
2672.0,Accumulation,0.488341943922388,45.0,54.9616629430888,0.9743,0.2502,8.0,8.0
2683.0,None / Savings,0.1108845355539394,73.0,25.34298217684136,0.1559,0.3873,,
2685.0,None / Savings,0.1567663826725387,47.0,29.64857003778878,0.1932,0.135,,
2688.0,Accumulation,0.1629218977890248,61.0,81.89749337728314,0.9444,0.2126,,
2693.0,Both,0.3934457220862332,66.0,96.57008285007392,0.529,0.8093,6.0,6.0
2703.0,Accumulation,0.3667521744967632,41.0,58.83295655961409,0.9566,0.2258,6.0,6.0
2708.0,None / Savings,0.2552332398706957,53.0,61.21856534878527,0.22,0.2089,,
2709.0,Accumulation,0.3349072491829962,60.0,43.0806565312335,0.9382,0.1356,9.0,
2711.0,None / Savings,0.3511887108981843,50.0,100.33738709215623,0.2548,0.4126,,
2714.0,Accumulation,0.3564310405197911,50.0,41.709618035752165,0.9746,0.2465,9.0,
2715.0,Accumulation,0.3962224292612049,51.0,38.2880342870758,0.9796,0.1636,6.0,6.0
2716.0,Accumulation,0.3244125777947316,41.0,28.47291108848157,0.9753,0.1478,9.0,
2738.0,Accumulation,0.4482427677732553,55.0,76.89719929605016,0.6394,0.2143,5.0,5.0
2739.0,Income,0.232193895066014,68.0,95.0657083305502,0.2649,0.8033,10.0,3.0
2748.0,None / Savings,0.4130777762387372,60.0,46.335879471489065,0.1851,0.1899,,
2750.0,None / Savings,0.2732065069513784,55.0,83.45795151143578,0.222,0.3155,,
2751.0,Income,0.3414224751542849,55.0,191.0172816270216,0.2196,0.877,2.0,2.0
2757.0,None / Savings,0.1050138150638984,50.0,10.864477374095364,0.0774,0.2259,,
2760.0,Accumulation,0.2528758782597924,50.0,39.84340746049023,0.964,0.1748,,
2761.0,Income,0.2479334291948955,70.0,86.43889832404352,0.2754,0.7201,10.0,3.0
2762.0,Both,0.3841988833952951,70.0,160.86367645541014,0.6827,0.9862,6.0,6.0
2767.0,None / Savings,0.5542654107952972,40.0,28.250358466586867,0.1393,0.167,,
2768.0,Both,0.3399772722174209,81.0,292.231836607982,0.9983,0.9749,9.0,
2772.0,None / Savings,0.2840717608674747,43.0,16.570176277277266,0.3716,0.2673,,
2774.0,None / Savings,0.1789621217344952,52.0,19.08313004145972,0.4521,0.2518,,
2777.0,Income,0.4778658835601022,51.0,164.7355595913681,0.2591,0.7372,4.0,4.0
2779.0,Accumulation,0.530131364416635,48.0,26.210572451513396,0.9589,0.1943,8.0,8.0
2788.0,Both,0.6195753984580513,76.0,343.03337439245627,0.9969,0.9915,1.0,1.0
2797.0,Income,0.6185526034094183,41.0,120.1656358936209,0.1546,0.6698,4.0,4.0
2800.0,Accumulation,0.6522545093709051,37.0,31.80945806608515,0.9543,0.212,1.0,1.0
2802.0,None / Savings,0.1336798236865811,61.0,13.919806875954238,0.2759,0.2357,,
2809.0,None / Savings,0.1536056597721465,66.0,24.19346892486659,0.1903,0.3716,,
2821.0,Accumulation,0.4513430006490595,53.0,84.09351580922626,0.9692,0.1755,5.0,5.0
2823.0,None / Savings,0.2047288361773696,65.0,82.48903044379028,0.3595,0.1092,,
2827.0,None / Savings,0.5969737930843084,59.0,93.79129266404364,0.2498,0.3825,,
2832.0,Accumulation,0.2794880707768097,43.0,28.116584562226095,0.9758,0.1618,9.0,
2836.0,Income,0.5400068014101094,68.0,74.17963646284466,0.4331,0.6117,4.0,4.0
2838.0,None / Savings,0.3460688396999625,55.0,63.07931986661058,0.1998,0.1774,,
2845.0,None / Savings,0.1767364791805187,60.0,68.15295722699064,0.1417,0.2209,,
2849.0,None / Savings,0.4396748178104991,50.0,128.92770419305077,0.2553,0.3259,,
2852.0,None / Savings,0.3422133079510046,69.0,61.02034322673756,0.4464,0.2797,,
2853.0,Accumulation,0.3584410709106229,61.0,51.661040968225706,0.9889,0.1792,9.0,
2854.0,None / Savings,0.3682740979769767,54.0,48.84208724643669,0.2546,0.2055,,
2859.0,None / Savings,0.387592133935366,60.0,79.31058951547539,0.2062,0.2413,,
2875.0,Accumulation,0.4307355261933183,56.0,94.83204830193075,0.9661,0.1727,5.0,5.0
2877.0,None / Savings,0.2903849091310941,52.0,75.8325733951799,0.2289,0.23,,
2878.0,None / Savings,0.1745785818667142,67.0,50.91544752083246,0.1215,0.2579,,
2879.0,Accumulation,0.3665656205143252,50.0,78.97739017339596,0.9745,0.1367,6.0,6.0
2885.0,Accumulation,0.172234110087301,61.0,72.60302343017179,0.5436,0.2417,,
2887.0,Both,0.5727317087731019,63.0,179.46535380620654,0.6671,0.5138,1.0,8.0
2892.0,None / Savings,0.6257384543313758,43.0,25.018258663376837,0.2548,0.1989,,
2895.0,None / Savings,0.2015399229964828,53.0,16.258329211108496,0.3234,0.2755,,
2896.0,None / Savings,0.4195712108357298,48.0,73.4255615481827,0.1689,0.1922,,
2899.0,None / Savings,0.3287133686241933,55.0,69.6772781308253,0.2379,0.2113,,
2907.0,Accumulation,0.3394127400053615,46.0,31.07691132659252,0.9669,0.17,9.0,
2913.0,Accumulation,0.6073002811993655,55.0,76.69424167956925,0.9602,0.0891,1.0,1.0
2923.0,Accumulation,0.3127300144384801,35.0,22.41054635966473,0.5412,0.2287,9.0,
2925.0,None / Savings,0.3738855833256397,65.0,44.91818924026325,0.3979,0.1381,,
2928.0,Accumulation,0.1702209886891984,50.0,65.8311882467056,0.9608,0.2566,,
2931.0,None / Savings,0.3609938279454763,49.0,50.78788872936848,0.221,0.1754,,
2935.0,Both,0.1230329372382317,28.0,418.0857353604313,0.9878,0.62,,
2938.0,None / Savings,0.4582232897722404,34.0,12.854485559019308,0.242,0.1715,,
2940.0,Both,0.206244722999047,87.0,425.3684118462788,0.9915,0.9944,,
2942.0,Accumulation,0.4398543388087912,39.0,25.175140464526947,0.9735,0.1404,5.0,5.0
2944.0,None / Savings,0.4695073393136373,50.0,15.49232980938452,0.0826,0.2943,,
2946.0,Both,0.2993109162744371,51.0,274.4716396385279,0.9909,0.7824,9.0,
2947.0,None / Savings,0.418590558446795,57.0,20.615887354729217,0.1836,0.3553,,
2948.0,Accumulation,0.1644761738064148,55.0,32.5689222260385,0.9585,0.3386,,
2949.0,Accumulation,0.3866184884135389,44.0,49.5866415741142,0.9593,0.274,6.0,6.0
2954.0,Accumulation,0.3842777349078014,54.0,74.2645234041878,0.9681,0.2288,6.0,6.0
2958.0,Accumulation,0.2426665052949478,60.0,48.17664002300554,0.937,0.157,,
2959.0,Accumulation,0.3001586302166156,51.0,44.46713344182354,0.969,0.2079,9.0,
2962.0,Accumulation,0.6616300670864648,36.0,29.05098376456243,0.961,0.1499,1.0,1.0
2964.0,Accumulation,0.4776453435090164,57.0,40.722280025229246,0.9534,0.2341,5.0,5.0
2966.0,Accumulation,0.3997962180195876,57.0,46.12900605464608,0.9757,0.1715,6.0,6.0
2979.0,Both,0.4364994340954403,66.0,106.08627779077833,0.5412,0.9057,5.0,5.0
2983.0,Both,0.4086141146062827,67.0,257.3175437814102,0.8664,0.9848,6.0,6.0
2984.0,Both,0.2925639308784633,70.0,142.3783113860787,0.5636,0.981,9.0,
3000.0,Both,0.5751759076712702,49.0,272.8032910529398,0.9921,0.9049,1.0,8.0
3001.0,Both,0.4642589404132,64.0,119.83957301501565,0.5107,0.7911,5.0,5.0
3007.0,None / Savings,0.2146778353353045,38.0,8.869749369288593,0.2641,0.2693,,
3020.0,None / Savings,0.5591414156854129,71.0,25.15400868979174,0.1997,0.4172,,
3021.0,None / Savings,0.1487494755772905,39.0,8.961749333476554,0.2121,0.2007,,
3022.0,Both,0.3251407354412179,70.0,169.08795079754293,0.5545,0.9813,9.0,
3041.0,None / Savings,0.1221643943410626,50.0,8.078144564665646,0.2134,0.2042,,
3044.0,Accumulation,0.4799780429536517,65.0,147.51716311799058,0.6028,0.2284,5.0,5.0
3054.0,Income,0.538690853241607,72.0,238.6986194399952,0.4024,0.9956,4.0,4.0
3065.0,Both,0.0556648062122409,90.0,599.119099112533,0.9872,0.9955,,
3066.0,None / Savings,0.1464595147253192,69.0,49.56111893976541,0.1979,0.3967,,
3067.0,Accumulation,0.4307244320109911,49.0,76.77134342619594,0.9582,0.1329,5.0,5.0
3068.0,None / Savings,0.4224027631234488,50.0,41.10222051284815,0.2292,0.1494,,
3069.0,None / Savings,0.424345120709765,39.0,13.251452829535545,0.1825,0.213,,
3072.0,Accumulation,0.2788176604208705,47.0,35.27970840262482,0.9747,0.2518,9.0,
3084.0,None / Savings,0.1602394016543762,70.0,42.20400742820243,0.2804,0.384,,
3089.0,None / Savings,0.3661597438188221,58.0,62.488662815814486,0.1739,0.1828,,
3090.0,Accumulation,0.4145350493379707,63.0,141.74394290593756,0.5955,0.2954,5.0,5.0
3091.0,Income,0.5294904986679438,56.0,129.95827081141545,0.18,0.7614,4.0,4.0
3093.0,Income,0.3662910633680122,73.0,78.7376228791596,0.3058,0.6905,2.0,2.0
3094.0,Accumulation,0.1939722213670399,55.0,71.3698831531949,0.9646,0.1556,,
3109.0,Accumulation,0.3793160205815423,56.0,50.58793367522559,0.9654,0.2526,6.0,6.0
3153.0,Accumulation,0.1707786097055594,56.0,24.282832539178237,0.9467,0.2224,,
3157.0,None / Savings,0.1841698081389577,42.0,35.08444098435584,0.1635,0.225,,
3169.0,Accumulation,0.4768333277768798,47.0,29.34278498754767,0.9714,0.1547,5.0,5.0
3171.0,Accumulation,0.5408869398783304,59.0,99.78450561789542,0.9508,0.0727,8.0,8.0
3174.0,Income,0.4567813639402926,64.0,110.85884472917937,0.2875,0.7572,4.0,4.0
3180.0,None / Savings,0.2865129256549357,38.0,2.7892257783169114,0.1029,0.0303,,
3185.0,Both,0.3308219854737126,66.0,103.703458216509,0.5521,0.8617,9.0,
3189.0,Accumulation,0.2334686683001857,47.0,19.47767768248149,0.8095,0.2237,,
3190.0,Accumulation,0.310904604511052,42.0,36.70594165949773,0.9826,0.2166,9.0,
3191.0,None / Savings,0.0972818634557907,73.0,44.69284782247909,0.1402,0.2906,,
3193.0,None / Savings,0.2473969109596676,59.0,117.66313883844228,0.2775,0.3359,,
3195.0,None / Savings,0.3538273341834825,50.0,52.99505777878546,0.1726,0.2654,,
3203.0,None / Savings,0.3230467617785775,52.0,20.66127855451525,0.2386,0.2574,,
3206.0,None / Savings,0.1517555825747893,45.0,39.590000703550345,0.2028,0.2154,,
3211.0,None / Savings,0.4887097599755512,54.0,73.24539680078709,0.3071,0.2096,,
3214.0,None / Savings,0.2121383665938432,65.0,68.276782692798,0.2323,0.2117,,
3219.0,None / Savings,0.3144232475641959,61.0,73.67141361721438,0.2931,0.2174,,
3221.0,Both,0.1432087669180075,69.0,344.02658870130745,0.9984,0.9965,,
3230.0,Both,0.1723973563109203,70.0,252.57319752837583,0.6636,0.9893,,
3234.0,None / Savings,0.2526560502136302,68.0,59.476388007019686,0.4535,0.3237,,
3242.0,Accumulation,0.355933659824289,41.0,27.181877287885005,0.9499,0.1994,9.0,
3244.0,None / Savings,0.1682796651811232,66.0,32.30806207545965,0.2744,0.261,,
3246.0,None / Savings,0.30696101950316,43.0,37.0899206475358,0.1775,0.2384,,
3247.0,Both,0.4189604549868941,65.0,114.16068125303664,0.5335,0.5698,5.0,5.0
3250.0,None / Savings,0.2768078983578545,71.0,69.22928607064446,0.3487,0.4864,,
3256.0,None / Savings,0.4017064614218835,50.0,68.69840712862711,0.1776,0.1838,,
3262.0,None / Savings,0.2597527076408047,61.0,42.75970799733778,0.1774,0.1538,,
3272.0,Accumulation,0.420804895937994,44.0,20.36526522267721,0.845,0.1972,5.0,5.0
3282.0,Income,0.501046026712735,56.0,124.45832595333836,0.2385,0.7959,4.0,4.0
3301.0,None / Savings,0.5723996718504463,49.0,71.93239757849709,0.172,0.1772,,
3307.0,Both,0.2752481023663363,77.0,151.33157669849496,0.6471,0.8447,9.0,
3317.0,Income,0.4157112752389238,47.0,120.17033913148634,0.2612,0.7852,2.0,2.0
3319.0,Accumulation,0.2742062741652948,41.0,37.48806651478888,0.9811,0.204,9.0,
3324.0,Accumulation,0.5321799501831311,53.0,91.90597564062178,0.6156,0.1886,8.0,8.0
3325.0,Income,0.4133988809746452,55.0,185.4942555101748,0.163,0.8131,2.0,2.0
3347.0,None / Savings,0.2026552151472756,54.0,48.54377595827552,0.1759,0.21,,
3352.0,None / Savings,0.3251074854870607,54.0,82.06648397269876,0.2053,0.2103,,
3358.0,None / Savings,0.3650191524703133,48.0,80.84776734108013,0.1891,0.2255,,
3361.0,None / Savings,0.2025123538791071,57.0,79.32329013142618,0.1705,0.1999,,
3364.0,None / Savings,0.384135691035023,49.0,37.30502784185485,0.2218,0.1462,,
3367.0,None / Savings,0.6806970146721458,53.0,72.27470293803042,0.1279,0.2161,,
3372.0,None / Savings,0.3397345946915077,60.0,190.46834673202548,0.3152,0.3901,,
3380.0,None / Savings,0.1557443769234187,41.0,12.80020608028034,0.1978,0.2404,,
3382.0,Accumulation,0.4380919297747619,43.0,77.44463982979981,0.9622,0.222,5.0,5.0
3385.0,None / Savings,0.4382727378497549,48.0,25.97005804447493,0.2382,0.1468,,
3393.0,Accumulation,0.3441070210823986,57.0,53.59361931952328,0.9662,0.214,9.0,
3408.0,Accumulation,0.3261473869312285,59.0,38.07234761863807,0.9638,0.1571,9.0,
3409.0,None / Savings,0.2846115104248964,55.0,56.04323113172212,0.1995,0.2273,,
3410.0,Accumulation,0.276068739601483,52.0,91.7093580592392,0.9716,0.14,9.0,
3426.0,None / Savings,0.3398693721151104,57.0,14.622671041402052,0.1333,0.2829,,
3431.0,Both,0.6283730619576428,65.0,133.2494623624912,0.616,0.7213,1.0,8.0
3434.0,None / Savings,0.2784538271963226,52.0,67.52488977406344,0.209,0.1947,,
3441.0,Income,0.5174487713219003,46.0,174.92282824035294,0.1591,0.73,4.0,4.0
3445.0,Both,0.2736269732558622,65.0,149.7332825895771,0.5819,0.8083,9.0,
3446.0,None / Savings,0.1514409483205189,63.0,36.79310929354644,0.2474,0.1691,,
3469.0,None / Savings,0.4984610752523237,34.0,72.77255180421977,0.2681,0.1506,,
3473.0,Accumulation,0.3348336470425493,52.0,58.44998392505947,0.9678,0.2273,9.0,
3479.0,None / Savings,0.4604800910421391,52.0,44.26581790121024,0.236,0.1623,,
3484.0,Accumulation,0.5359321391637849,44.0,94.25900135186352,0.9628,0.1251,8.0,8.0
3487.0,None / Savings,0.2570584283811122,56.0,49.60980584055135,0.1816,0.2084,,
3488.0,None / Savings,0.6693309955847887,49.0,46.879577303307016,0.1435,0.3178,,
3494.0,Accumulation,0.3705995698876412,50.0,57.39794435003288,0.9726,0.2589,6.0,6.0
3497.0,Accumulation,0.439932329864604,50.0,48.24013793395194,0.9125,0.1942,5.0,5.0
3501.0,Accumulation,0.3033841835477371,48.0,42.003649870185065,0.9598,0.2663,9.0,
3505.0,None / Savings,0.4186521864773506,56.0,95.67184053128165,0.2863,0.2099,,
3516.0,Both,0.3544740882279485,62.0,192.15043028581175,0.5438,0.7479,9.0,
3518.0,Accumulation,0.3798081168628834,50.0,26.134136360719552,0.9757,0.1665,6.0,6.0
3526.0,None / Savings,0.6577162332403002,49.0,81.27487433926177,0.185,0.2756,,
3527.0,None / Savings,0.1427474565881011,63.0,69.53351372435411,0.164,0.2603,,
3537.0,None / Savings,0.2607426190398093,64.0,66.64957936032204,0.2341,0.1754,,
3550.0,Accumulation,0.4857074833533462,42.0,38.77435898396886,0.9801,0.1963,8.0,8.0
3554.0,None / Savings,0.1453802323598792,57.0,59.99854871246095,0.1856,0.1518,,
3560.0,None / Savings,0.3242108105195108,65.0,63.94075040375773,0.3395,0.1543,,
3575.0,Income,0.5475063233538878,49.0,101.53836794199049,0.1309,0.6258,4.0,4.0
3582.0,None / Savings,0.2217592764546253,52.0,59.19818231503555,0.2241,0.1503,,
3588.0,Accumulation,0.4572134870768917,54.0,32.60570531475432,0.9612,0.1591,5.0,5.0
3601.0,None / Savings,0.1767851477965731,59.0,62.231835042490445,0.1267,0.1978,,
3606.0,Accumulation,0.2157933183643705,44.0,95.0201087264246,0.9544,0.0799,,
3607.0,Income,0.3861764843863795,43.0,157.2144307859399,0.0761,0.763,2.0,2.0
3612.0,Accumulation,0.4641689386699633,62.0,119.25295284008976,0.9885,0.2475,5.0,5.0
3614.0,None / Savings,0.3996008842776404,59.0,74.7639746715127,0.1897,0.2011,,
3615.0,Income,0.3580499668263362,70.0,79.93950631246027,0.4718,0.7207,2.0,2.0
3624.0,Accumulation,0.6554564781533153,58.0,81.27980056008025,0.9595,0.1246,1.0,1.0
3625.0,None / Savings,0.1509589647306742,60.0,91.3052853617966,0.1854,0.2417,,
3630.0,Accumulation,0.3917172170297716,47.0,36.824761082200965,0.9846,0.1942,6.0,6.0
3631.0,Accumulation,0.5388757801490752,39.0,82.02855441882166,0.9519,0.1737,8.0,8.0
3639.0,Both,0.3941468288755262,68.0,150.04312560568164,0.6108,0.9605,6.0,6.0
3646.0,Income,0.4817680020394852,55.0,127.20062927887813,0.2507,0.7626,4.0,4.0
3647.0,None / Savings,0.4761776400176591,57.0,105.8218997473955,0.2812,0.2883,,
3655.0,Accumulation,0.4378493553472483,50.0,30.4169035546867,0.971,0.1528,5.0,5.0
3667.0,None / Savings,0.2127442759717823,41.0,52.25621242518548,0.2617,0.1665,,
3668.0,Accumulation,0.3358891819711631,49.0,89.83151552070636,0.9683,0.2303,9.0,
3671.0,None / Savings,0.1887481950920656,49.0,12.002126245192636,0.1983,0.2993,,
3678.0,Income,0.4345485724502871,75.0,208.2238670618688,0.4752,0.9949,2.0,2.0
3682.0,None / Savings,0.1594283326054725,45.0,16.544101762849483,0.3457,0.3105,,
3683.0,None / Savings,0.4544088755868065,45.0,39.18997092099404,0.2759,0.2479,,
3684.0,Accumulation,0.49667641294815,43.0,60.79795164362925,0.9704,0.2164,8.0,8.0
3690.0,Both,0.2871511413911216,74.0,224.0153828933882,0.7424,0.9961,9.0,
3691.0,None / Savings,0.3430969144810224,56.0,68.13524779762747,0.1969,0.1892,,
3698.0,None / Savings,0.4031469480308152,76.0,43.0336035837246,0.2147,0.3131,,
3707.0,Accumulation,0.2193203388550081,57.0,23.39373772819736,0.9586,0.2304,,
3708.0,Income,0.5165723685633895,56.0,148.08391823183572,0.2571,0.8885,4.0,4.0
3709.0,None / Savings,0.3599098595603839,59.0,79.67064938195556,0.1736,0.2946,,
3710.0,Both,0.0457171692200953,89.0,649.6083571652707,0.9779,0.9973,,
3712.0,Accumulation,0.3357809353857739,56.0,76.49454557598045,0.9688,0.2058,9.0,
3714.0,Accumulation,0.3442166001818157,56.0,82.45869506040403,0.9585,0.2042,9.0,
3723.0,None / Savings,0.3394343570243642,45.0,65.7962453647922,0.1726,0.2038,,
3728.0,Accumulation,0.3225707849743464,63.0,78.43786878451019,0.5133,0.2412,9.0,
3729.0,Income,0.4278534492404059,58.0,130.71795473478826,0.2509,0.7601,2.0,2.0
3731.0,None / Savings,0.7804706266653416,24.0,12.564328400735386,0.292,0.2438,,
3745.0,Accumulation,0.4848083033533015,38.0,88.588357633842,0.953,0.1071,8.0,8.0
3749.0,Income,0.2490172454184397,52.0,107.18642182746754,0.2031,0.6001,10.0,3.0
3753.0,None / Savings,0.6677174687574027,30.0,1.3643556613622598,0.1315,0.0108,,
3768.0,None / Savings,0.592499350322343,45.0,3.490130059782154,0.2006,0.4004,,
3777.0,Income,0.2983847450100096,60.0,110.55511364072062,0.2262,0.7714,10.0,3.0
3782.0,None / Savings,0.1007285309984614,35.0,9.890284778996762,0.1505,0.2093,,
3785.0,None / Savings,0.587674367702263,55.0,63.27594433181618,0.2096,0.1707,,
3786.0,Income,0.2709031017609603,69.0,112.40684673174744,0.4964,0.9158,10.0,3.0
3787.0,None / Savings,0.3210128470497858,56.0,52.06931231045128,0.1888,0.1899,,
3794.0,None / Savings,0.5717469286540242,42.0,15.13640309285542,0.0585,0.2516,,
3802.0,None / Savings,0.2626551233100612,65.0,50.8094384981018,0.2533,0.1413,,
3810.0,None / Savings,0.3059035973313047,38.0,32.77298932033293,0.1447,0.1336,,
3812.0,Accumulation,0.52322917281601,40.0,32.57339686943349,0.9692,0.1863,8.0,8.0
3819.0,Income,0.5375904441927766,73.0,71.93838052949184,0.384,0.6107,4.0,4.0
3829.0,None / Savings,0.1943444830075036,28.0,3.4162725140177352,0.1392,0.2522,,
3835.0,None / Savings,0.3081302363239129,59.0,103.63618724396008,0.1918,0.3743,,
3837.0,Accumulation,0.5332885038114722,59.0,81.99975035165154,0.9539,0.1373,8.0,8.0
3839.0,Accumulation,0.2439108937571281,46.0,60.03197139976252,0.9734,0.2557,,
3840.0,Accumulation,0.3147152171902559,48.0,49.739816315448174,0.9742,0.2528,9.0,
3856.0,Both,0.4295815928908055,71.0,205.4956424591724,0.5281,0.986,5.0,5.0
3857.0,Accumulation,0.3610067795917474,46.0,111.28613461201456,0.9553,0.2771,6.0,6.0
3862.0,Accumulation,0.3218502963216574,45.0,71.68391603714636,0.973,0.1518,9.0,
3865.0,None / Savings,0.5238940932727557,54.0,91.9266714203624,0.2575,0.248,,
3866.0,Both,0.6406884214810379,76.0,364.7735308559055,0.9979,0.9945,1.0,1.0
3872.0,Income,0.4926675667693747,62.0,102.19305952938686,0.4106,0.5295,4.0,4.0
3880.0,None / Savings,0.2732155979451672,64.0,70.47106819230248,0.2923,0.1886,,
3881.0,None / Savings,0.2065179527564519,37.0,33.0229019816686,0.3515,0.1824,,
3882.0,Accumulation,0.4356767268962242,45.0,87.65269875823793,0.9696,0.123,5.0,5.0
3887.0,None / Savings,0.5729306512897688,31.0,28.340001243312287,0.2677,0.1085,,
3889.0,None / Savings,0.6953288663257146,36.0,69.30374254566034,0.1784,0.1657,,
3900.0,Accumulation,0.3441052830107439,54.0,54.05836859786035,0.9739,0.181,9.0,
3903.0,Accumulation,0.2295473127742513,54.0,21.78620580360698,0.9553,0.2501,,
3911.0,None / Savings,0.3352831922394715,60.0,106.4138817811696,0.312,0.285,,
3934.0,None / Savings,0.3094944473731851,58.0,61.55919880751753,0.2328,0.1953,,
3947.0,None / Savings,0.2807174714850349,61.0,131.79401506785126,0.3775,0.3722,,
3964.0,None / Savings,0.7354207842987871,33.0,32.49355508902939,0.3296,0.0993,,
3966.0,None / Savings,0.2133081554782178,58.0,29.142536846605825,0.2341,0.1243,,
3968.0,Accumulation,0.2373988516796056,45.0,29.496556625489543,0.9656,0.2391,,
3973.0,None / Savings,0.1930434643941804,66.0,59.59886626586933,0.2943,0.3255,,
3974.0,None / Savings,0.3082650778236887,58.0,62.93927656972298,0.2381,0.1743,,
3976.0,Accumulation,0.5039491878970985,42.0,27.82186319270633,0.9516,0.2101,8.0,8.0
3977.0,Accumulation,0.303645357811609,45.0,31.375936900989004,0.9816,0.1874,9.0,
3981.0,Accumulation,0.3931546490980617,39.0,31.98055952135581,0.9623,0.1946,6.0,6.0
3982.0,None / Savings,0.5265566932781627,51.0,47.71953645531566,0.2006,0.1775,,
3984.0,Accumulation,0.3042481103476975,53.0,47.410255478371774,0.9751,0.22,9.0,
3985.0,None / Savings,0.1948397580928317,68.0,26.877037528177084,0.2065,0.3069,,
3987.0,Accumulation,0.5582923246828083,43.0,77.37681441977654,0.9605,0.1519,1.0,1.0
3992.0,None / Savings,0.1566322285422356,79.0,40.44617318814651,0.2246,0.2559,,
3998.0,Accumulation,0.4579837799130085,36.0,40.72361951805272,0.9772,0.1731,5.0,5.0
4004.0,None / Savings,0.3831829667039959,54.0,57.48435905260269,0.1925,0.2199,,
4007.0,Income,0.273148054397278,72.0,122.1475759147202,0.2551,0.9465,10.0,3.0
4008.0,None / Savings,0.539783915978959,48.0,45.07126621487592,0.167,0.2279,,
4035.0,Both,0.7170362160171598,44.0,366.1997338036144,0.9918,0.9068,1.0,8.0
4041.0,None / Savings,0.4357018758252289,68.0,21.629496918434366,0.3539,0.2281,,
4045.0,None / Savings,0.4879170978401977,51.0,95.79733091461108,0.163,0.4205,,
4075.0,Both,0.1998468859531457,85.0,276.3079842315903,0.9798,0.9971,,
4077.0,None / Savings,0.2038352402106311,53.0,41.0828683671058,0.2292,0.1522,,
4078.0,Accumulation,0.2300220216265452,54.0,71.65932707995537,0.9579,0.2222,,
4080.0,None / Savings,0.238390808092437,36.0,3.735273136456896,0.2297,0.0918,,
4083.0,None / Savings,0.2263355586507711,53.0,53.09865914365108,0.1716,0.2156,,
4085.0,Income,0.5246668689502627,45.0,206.1740226251914,0.1832,0.6483,4.0,4.0
4086.0,Income,0.6062609824745856,60.0,224.66418842611003,0.2233,0.8518,4.0,4.0
4089.0,Accumulation,0.375959919400787,58.0,88.45556248318216,0.963,0.0826,6.0,6.0
4091.0,Income,0.3533668695140341,63.0,188.14209198854908,0.3741,0.8586,2.0,2.0
4095.0,None / Savings,0.2875158401323112,65.0,51.59651947456996,0.2629,0.1082,,
4096.0,None / Savings,0.417205011274792,51.0,57.384920467485045,0.2204,0.234,,
4109.0,None / Savings,0.1956724129751585,38.0,9.823953442180782,0.1716,0.2379,,
4116.0,Accumulation,0.239410484544245,49.0,52.153708494671726,0.9619,0.2621,,
4117.0,None / Savings,0.3255737127866538,49.0,53.398833860239904,0.2172,0.1909,,
4135.0,Accumulation,0.5756212217231904,45.0,63.88315313875381,0.9587,0.2023,1.0,1.0
4148.0,Income,0.3266004472263686,73.0,75.70811381706744,0.3777,0.5525,2.0,2.0
4156.0,Both,0.7618377177811291,58.0,842.5070573603402,0.995,0.9097,7.0,8.0
4158.0,None / Savings,0.2444803465938335,49.0,99.27640828646928,0.4678,0.3021,,
4159.0,Accumulation,0.3506380879646155,50.0,88.66033885354183,0.9715,0.194,9.0,
4167.0,None / Savings,0.1361103011151178,78.0,37.62726840813726,0.2058,0.2983,,
4168.0,Both,0.5066260059092613,61.0,123.33142581669722,0.5069,0.688,8.0,8.0
4170.0,None / Savings,0.3485566313305686,44.0,88.0341934791212,0.2927,0.2674,,
4171.0,Both,0.5605393776893021,61.0,126.63651713451324,0.5064,0.8128,1.0,8.0
4172.0,None / Savings,0.2245637009750119,53.0,29.091277256535992,0.2401,0.1328,,
4177.0,Income,0.3851884285066717,56.0,112.11879342223546,0.27,0.6916,2.0,2.0
4179.0,None / Savings,0.2043141971878851,55.0,29.49887516067141,0.1495,0.1235,,
4180.0,Accumulation,0.3300238109380999,50.0,41.21837034935286,0.973,0.2441,9.0,
4183.0,None / Savings,0.3665138735208797,56.0,72.75432228570061,0.1597,0.1844,,
4189.0,Both,0.414178847210711,66.0,222.2899959883848,0.6346,0.9374,5.0,5.0
4196.0,None / Savings,0.1556797613968551,71.0,30.859218864276823,0.2863,0.4034,,
4199.0,Both,0.5004666084713018,66.0,103.60578673562514,0.5772,0.8881,8.0,8.0
4200.0,Income,0.3872884762239061,67.0,144.24096461330896,0.3566,0.9074,2.0,2.0
4209.0,Accumulation,0.3316525892848664,52.0,39.374624210862905,0.9743,0.2101,9.0,
4215.0,Accumulation,0.4225998496584504,32.0,23.545060085581717,0.9713,0.2236,5.0,5.0
4217.0,Income,0.4097921207071002,52.0,165.86064335206572,0.2282,0.8404,2.0,2.0
4222.0,Accumulation,0.5351064878871296,48.0,60.567093512825785,0.9545,0.2181,8.0,8.0
4228.0,None / Savings,0.2493019940222384,63.0,38.706300174313824,0.2159,0.138,,
4235.0,None / Savings,0.3506812153091507,55.0,100.666319917157,0.2876,0.4048,,
4237.0,Income,0.2416984529659886,67.0,122.99668421368864,0.4893,0.9459,10.0,3.0
4239.0,None / Savings,0.3114613891126456,65.0,66.12325987762915,0.4823,0.1946,,
4244.0,None / Savings,0.2736868956184943,38.0,171.22132600268543,0.3188,0.2852,,
4250.0,None / Savings,0.268839534365643,36.0,12.783562357069982,0.1982,0.1688,,
4252.0,Accumulation,0.3839520677897432,49.0,76.40731729781314,0.9666,0.2078,6.0,6.0
4255.0,Income,0.6413281817435382,54.0,181.90820181898232,0.2173,0.884,4.0,4.0
4257.0,Accumulation,0.2377806326716247,59.0,49.34841548092798,0.9529,0.1758,,
4262.0,Accumulation,0.33097516209774,55.0,94.84878686736562,0.9754,0.0984,9.0,
4263.0,Accumulation,0.2291644376098152,41.0,21.342217135139624,0.9597,0.2284,,
4266.0,Accumulation,0.6341866882334666,48.0,60.59631826804035,0.9536,0.2202,1.0,1.0
4273.0,None / Savings,0.2409720268051292,29.0,2.329860825512675,0.1394,0.2703,,
4276.0,Accumulation,0.3761662480631533,42.0,29.88334987221905,0.9676,0.1539,6.0,6.0
4283.0,None / Savings,0.3984281517104109,37.0,58.56505482320847,0.2861,0.179,,
4286.0,None / Savings,0.4603895756659378,37.0,41.86160883994924,0.2125,0.1533,,
4291.0,None / Savings,0.2999918041234048,59.0,97.9723931550106,0.2115,0.1929,,
4300.0,None / Savings,0.5086160223749904,41.0,70.14347057870881,0.1993,0.1862,,
4308.0,Accumulation,0.4564223711607944,35.0,39.17518610349473,0.9652,0.181,5.0,5.0
4309.0,None / Savings,0.3239978700179729,53.0,28.46500574635321,0.1903,0.1191,,
4319.0,Income,0.4879136874642187,67.0,99.92931968701392,0.4598,0.8798,4.0,4.0
4321.0,Both,0.3591818847269891,73.0,107.40791458890962,0.5904,0.8403,9.0,
4322.0,None / Savings,0.1147831668239779,49.0,12.89837855263664,0.1799,0.3077,,
4323.0,Accumulation,0.1661401269499046,50.0,34.18494767444207,0.9532,0.2981,,
4325.0,None / Savings,0.7401219261382919,38.0,7.4689123492996945,0.3047,0.156,,
4330.0,None / Savings,0.0877381756610717,47.0,20.241064967314777,0.0876,0.3515,,
4338.0,Income,0.4810884269092194,57.0,115.3950166879527,0.25,0.7896,4.0,4.0
4341.0,Both,0.3952243899878796,59.0,268.1246559041204,0.9904,0.8312,6.0,6.0
4347.0,None / Savings,0.1589612210922784,62.0,26.149898577033003,0.1701,0.1993,,
4359.0,Accumulation,0.2562622185931124,50.0,44.67990222429344,0.9446,0.1673,,
4367.0,Accumulation,0.3812446559705081,39.0,25.77220690689146,0.9768,0.1395,6.0,6.0
4370.0,Accumulation,0.1777325085109151,50.0,35.971190932807175,0.9687,0.1798,,
4372.0,Accumulation,0.1620662246079591,49.0,43.20424555571341,0.9677,0.315,,
4379.0,None / Savings,0.2497006361287433,59.0,37.3533754177578,0.242,0.1553,,
4389.0,Both,0.44789476515421,70.0,115.5972378294398,0.5655,0.9474,5.0,5.0
4394.0,Accumulation,0.4624931584730012,51.0,43.337864503315735,0.977,0.2943,5.0,5.0
4402.0,Accumulation,0.4730278065547111,47.0,34.715440576234094,0.9608,0.1811,5.0,5.0
4410.0,None / Savings,0.4515271760942537,58.0,65.8274200814857,0.2346,0.1268,,
4416.0,None / Savings,0.0987912392442734,28.0,3.796335983960775,0.1328,0.1505,,
4417.0,None / Savings,0.22017784528602,65.0,47.57568782328933,0.335,0.1551,,
4421.0,None / Savings,0.4263719865526531,58.0,21.498504169778617,0.2384,0.3894,,
4423.0,Accumulation,0.1407259464067913,62.0,32.638303580941965,0.9295,0.1851,,
4430.0,None / Savings,0.6307685518389085,38.0,92.49354290106896,0.174,0.206,,
4433.0,Both,0.0609645038183324,87.0,260.3351086857331,0.9771,0.9953,,
4437.0,Accumulation,0.3166919616027637,59.0,36.80557512075141,0.943,0.154,9.0,
4440.0,None / Savings,0.4006567758525051,55.0,153.20503644634866,0.2368,0.3548,,
4441.0,Accumulation,0.432450032796121,64.0,103.65223160364236,0.5802,0.3445,5.0,5.0
4442.0,Accumulation,0.2453291925512715,56.0,39.276576194105616,0.9661,0.1997,,
4446.0,None / Savings,0.191848318485905,73.0,15.973559918302366,0.0077,0.2092,,
4449.0,None / Savings,0.3355047341902359,36.0,10.639671204827922,0.2003,0.2327,,
4451.0,Income,0.4556234957057498,57.0,133.0497726616019,0.2858,0.6911,4.0,4.0
4455.0,Accumulation,0.2148680796626686,54.0,25.998895374856644,0.9657,0.2147,,
4456.0,None / Savings,0.5105591911390502,43.0,47.50015650705877,0.118,0.2184,,
4463.0,None / Savings,0.0403212048905065,66.0,29.055547649109325,0.218,0.2892,,
4466.0,None / Savings,0.6235442005679245,41.0,23.62892922217366,0.2014,0.1767,,
4468.0,None / Savings,0.4872756479813816,55.0,33.260087677992225,0.1476,0.1664,,
4470.0,Accumulation,0.4075991470045944,45.0,31.944090252450582,0.9776,0.1538,6.0,6.0
4473.0,Accumulation,0.7212931989791364,35.0,39.84072434674326,0.9375,0.1042,1.0,1.0
4485.0,Accumulation,0.3637379233339217,41.0,38.91272164080281,0.9808,0.4288,6.0,6.0
4486.0,Accumulation,0.3627281676223498,64.0,89.66419220027788,0.5647,0.2907,6.0,6.0
4488.0,None / Savings,0.605369312881946,38.0,53.885773445004894,0.1745,0.1683,,
4489.0,Accumulation,0.2591444691332015,29.0,32.368396694243984,0.9188,0.1358,,
4493.0,Both,0.7322775862156169,69.0,329.8853505150065,0.9967,0.9899,1.0,8.0
4498.0,Accumulation,0.263091111576115,54.0,60.42650206921157,0.9723,0.1645,,
4501.0,Accumulation,0.6748792110598739,62.0,76.14997879922525,0.9872,0.163,1.0,1.0
4505.0,None / Savings,0.1910138970145475,34.0,12.552012216083408,0.3084,0.1602,,
4514.0,Income,0.6162223960748187,37.0,198.1716833593645,0.116,0.7685,4.0,4.0
4517.0,None / Savings,0.3637739791862405,50.0,62.736800779651446,0.2867,0.2454,,
4519.0,Accumulation,0.2773614438137687,66.0,57.44074506565189,0.5437,0.2401,9.0,
4528.0,None / Savings,0.3123335784826202,59.0,69.73567318625295,0.2097,0.2043,,
4530.0,Accumulation,0.1887400654842146,42.0,26.03193354873553,0.968,0.2099,,
4532.0,None / Savings,0.0689551107904703,61.0,9.344936886575688,0.3528,0.1863,,
4533.0,None / Savings,0.0572941339188566,49.0,1.4585567990159785,0.0545,0.0212,,
4535.0,Accumulation,0.1532562811614274,51.0,19.31962259233389,0.7019,0.2581,,
4537.0,Income,0.308841557599161,57.0,115.01814761741724,0.2101,0.7076,2.0,2.0
4544.0,Accumulation,0.4549153187719504,62.0,195.00154057108887,0.5951,0.3882,5.0,5.0
4547.0,Both,0.4042185332598141,39.0,282.0232487590201,0.993,0.6662,6.0,6.0
4564.0,None / Savings,0.5135081602728583,57.0,40.81674309558038,0.2574,0.1343,,
4567.0,None / Savings,0.6151627206403362,56.0,93.85821703706662,0.2127,0.2734,,
4573.0,Income,0.2595234886067989,59.0,120.38163930629182,0.202,0.8062,10.0,3.0
4579.0,Accumulation,0.2356625140755368,51.0,66.37165049119268,0.9514,0.2257,,
4594.0,None / Savings,0.2129692279090111,65.0,77.16421182936728,0.2541,0.2422,,
4595.0,None / Savings,0.423283422707108,65.0,90.77436408837136,0.2677,0.2736,,
4602.0,Income,0.4779339439350154,59.0,151.50030796077883,0.1819,0.8297,4.0,4.0
4603.0,None / Savings,0.1772471187431372,47.0,17.800063500597695,0.332,0.2587,,
4606.0,Accumulation,0.4931741887615347,42.0,42.67436135025291,0.9488,0.1839,8.0,8.0
4612.0,None / Savings,0.7187655600114643,42.0,71.08013757836285,0.1696,0.1352,,
4614.0,Income,0.2348533890496248,71.0,193.71912349159905,0.2569,0.9944,10.0,3.0
4617.0,Both,0.4736894609420642,71.0,217.212928866887,0.6188,0.9912,5.0,5.0
4618.0,Accumulation,0.53436236101366,47.0,47.77602202262676,0.9499,0.2171,8.0,8.0
4619.0,None / Savings,0.2011539126590679,39.0,11.40987317607709,0.2285,0.3451,,
4621.0,Income,0.2445036767175731,55.0,111.39565101945436,0.2167,0.7151,10.0,3.0
4632.0,None / Savings,0.1467806681781275,71.0,47.40148408708021,0.2769,0.2698,,
4634.0,Income,0.2545844217638046,77.0,173.9312999756291,0.3835,0.9003,10.0,3.0
4637.0,Both,0.3663779124917361,64.0,167.33190398233356,0.5327,0.8518,6.0,6.0
4639.0,Accumulation,0.1943071480508611,51.0,41.20882566351097,0.97,0.1897,,
4642.0,Both,0.5229959517294644,68.0,247.10449274863288,0.8681,0.9934,8.0,8.0
4643.0,Income,0.5218392536948604,66.0,241.78726144811887,0.3969,0.9616,4.0,4.0
4648.0,Both,0.5539252356897411,64.0,254.22586639203425,0.8824,0.8437,1.0,8.0
4658.0,None / Savings,0.1557582329259077,70.0,49.10934350842342,0.1427,0.1487,,
4659.0,None / Savings,0.3984204219598379,54.0,75.0146931349453,0.2429,0.198,,
4662.0,None / Savings,0.331205183235303,65.0,87.3792471715612,0.4107,0.1268,,
4667.0,Both,0.7924622893572392,39.0,545.8891397193635,0.9925,0.796,7.0,8.0
4671.0,Accumulation,0.2759855978107301,36.0,59.63413431253167,0.966,0.1324,9.0,
4672.0,None / Savings,0.2641301682687086,65.0,53.47232646239012,0.3891,0.1694,,
4674.0,Income,0.2895419611414981,71.0,86.48509617373816,0.2475,0.7814,10.0,3.0
4675.0,Income,0.341801626078769,58.0,129.2387052203087,0.2702,0.7592,2.0,2.0
4679.0,Both,0.2672766042486169,79.0,191.81487773292588,0.6358,0.9848,,
4680.0,Accumulation,0.3901401206172433,51.0,69.34500782276665,0.9508,0.099,6.0,6.0
4693.0,None / Savings,0.4463548015647268,36.0,14.46123104476022,0.4667,0.1604,,
4696.0,Income,0.6823252966671003,48.0,216.7050348352584,0.1668,0.9272,4.0,4.0
4703.0,None / Savings,0.4527220819003072,64.0,32.60650687763474,0.4886,0.1473,,
4710.0,None / Savings,0.202017659673804,35.0,11.036970705965954,0.1407,0.1425,,
4712.0,None / Savings,0.4416151855284298,61.0,17.801874631175018,0.3862,0.3079,,
4714.0,Income,0.4692104056027029,59.0,206.05527866639855,0.2546,0.6937,4.0,4.0
4719.0,None / Savings,0.4085665875757403,44.0,57.15522364481254,0.2289,0.1535,,
4727.0,None / Savings,0.3381973641924756,60.0,44.6853609229678,0.1919,0.1637,,
4736.0,None / Savings,0.4768311348968904,65.0,16.72256681020033,0.0095,0.2062,,
4738.0,None / Savings,0.4625389709789109,56.0,29.491242678386836,0.2126,0.1246,,
4748.0,Accumulation,0.2543215449146334,57.0,83.87417921051782,0.9694,0.1447,,
4751.0,Accumulation,0.1668621706138026,54.0,44.89601679750616,0.5593,0.1546,,
4764.0,None / Savings,0.4217111124750397,52.0,26.708343041392705,0.1937,0.153,,
4767.0,None / Savings,0.8534634520671063,18.0,223.8899455604184,0.2233,0.0453,,
4770.0,Accumulation,0.402401963260883,52.0,44.04973420394905,0.9754,0.207,6.0,6.0
4771.0,Accumulation,0.5174987941068164,52.0,92.67152549107549,0.9663,0.1804,8.0,8.0
4778.0,Both,0.5169628578123361,58.0,284.9400566271644,0.9874,0.8269,8.0,8.0
4779.0,Accumulation,0.2325513316663925,60.0,49.95739378166713,0.932,0.188,,
4783.0,Both,0.4611268716535194,72.0,228.6735424065724,0.6345,0.9979,5.0,5.0
4785.0,Both,0.4362449523828926,79.0,321.66299909576526,0.9983,0.9865,5.0,5.0
4786.0,Accumulation,0.6244047072962565,59.0,126.47205216681118,0.9545,0.2395,1.0,1.0
4787.0,Accumulation,0.3049121019360951,45.0,61.21525916591997,0.9715,0.2584,9.0,
4796.0,Income,0.3768597046237133,59.0,114.02384534413116,0.2753,0.6587,2.0,2.0
4799.0,None / Savings,0.3962843354718406,52.0,82.82990838597617,0.1989,0.203,,
4806.0,Accumulation,0.5643967222461851,42.0,46.86267147748398,0.972,0.2112,1.0,1.0
4810.0,Accumulation,0.1928922578191051,50.0,35.1803159771201,0.9722,0.1883,,
4816.0,Both,0.488374462476192,76.0,158.0902610873023,0.5608,0.9852,8.0,5.0
4818.0,Income,0.2209579334301321,72.0,86.6637425641073,0.2279,0.7471,10.0,3.0
4820.0,None / Savings,0.2095653625131565,70.0,60.71786079535333,0.392,0.2973,,
4826.0,None / Savings,0.5829823215492576,36.0,44.8571611261929,0.2003,0.14,,
4829.0,Income,0.2374294091272414,70.0,85.95755674504721,0.4813,0.7075,10.0,3.0
4834.0,Accumulation,0.4076616140240257,39.0,59.74643015650549,0.9768,0.201,6.0,6.0
4835.0,Accumulation,0.3512717125016377,44.0,104.65359918138935,0.9713,0.3061,9.0,
4837.0,Accumulation,0.3585958477072129,37.0,82.63719836539356,0.9594,0.1627,9.0,
4855.0,Both,0.5157787222874215,58.0,243.8324945088518,0.6603,0.6293,8.0,8.0
4858.0,Both,0.6800643210839388,61.0,172.71980655786342,0.5449,0.7821,1.0,8.0
4865.0,None / Savings,0.3471316711126302,53.0,84.20838949800064,0.1984,0.2224,,
4870.0,Income,0.100120567614161,70.0,18.62011826400328,0.2004,0.5073,,
4872.0,Accumulation,0.1995508988595778,45.0,56.94382796278876,0.9657,0.2293,,
4877.0,Accumulation,0.349958102012576,51.0,39.87235780853487,0.9791,0.2272,9.0,
4878.0,Both,0.4344098899274374,72.0,248.54068857964853,0.8494,0.9866,5.0,5.0
4882.0,None / Savings,0.7123682142163171,47.0,63.986174140663465,0.1557,0.2091,,
4886.0,None / Savings,0.3095440046767604,58.0,81.79033881128724,0.2321,0.245,,
4895.0,Accumulation,0.2695104660652656,57.0,39.16995269660364,0.96,0.1486,,
4907.0,None / Savings,0.5438210650681096,54.0,147.93271785443216,0.2975,0.3596,,
4908.0,Both,0.3081676198636229,82.0,276.2990094605182,0.9968,0.9909,9.0,
4909.0,None / Savings,0.3974241087986945,49.0,24.878864705861115,0.0714,0.2409,,
4920.0,None / Savings,0.4878347942375216,47.0,95.05447069683396,0.208,0.3596,,
4926.0,Accumulation,0.2717847836879873,58.0,23.855514860506837,0.9431,0.2022,9.0,
4932.0,Accumulation,0.2126123373240792,36.0,26.696738652489096,0.9557,0.1528,,
4941.0,Both,0.4914818788267644,67.0,136.74483015861497,0.588,0.7762,8.0,8.0
4942.0,None / Savings,0.7055704355239137,41.0,11.783605969298945,0.2238,0.2529,,
4946.0,Accumulation,0.1185316127544764,54.0,31.900314981716548,0.9402,0.3448,,
4953.0,Accumulation,0.4789338171290274,54.0,47.41284274041008,0.9767,0.1754,5.0,5.0
4954.0,None / Savings,0.2886748098715904,40.0,13.981737830517044,0.3717,0.1987,,
4955.0,Income,0.5767706158699906,59.0,116.3498556500131,0.2414,0.5058,4.0,4.0
4959.0,Income,0.5450262287224545,48.0,119.97975105423598,0.2004,0.7213,4.0,4.0
4961.0,None / Savings,0.1268455237639117,74.0,34.520346508479165,0.1806,0.2973,,
4967.0,None / Savings,0.2307110501732116,71.0,7.1901010404032295,0.3301,0.1634,,
4971.0,Accumulation,0.5621696034382809,45.0,51.561510361769336,0.9757,0.2699,1.0,1.0
4977.0,None / Savings,0.2691274010279545,60.0,72.2661222752348,0.2224,0.1528,,
4981.0,Income,0.5509665610214617,55.0,232.8787028092556,0.2233,0.7573,4.0,4.0
4989.0,Income,0.2099490428371872,70.0,69.76271731740995,0.456,0.5053,10.0,3.0
4993.0,None / Savings,0.1293464423185861,36.0,8.484853214160992,0.1751,0.2735,,
4998.0,None / Savings,0.4027709214721717,56.0,63.28377374764591,0.2935,0.1452,,
5000.0,Income,0.3531672112339536,67.0,73.90295983423405,0.3742,0.6246,2.0,2.0
